Nombre de la información,Idioma,Medio de conservación y/o soporte,Formato,Fecha de generación de la información,Frecuencia de actualización,Lugar de consulta,Nombre del responsable de la producción de la información,Nombre del responsable de la información,Etiqueta de datos publicados,Área responsable de la producción de la información,Área responsable de la información
Nuestra entidad,¿Quiénes Somos?,Español,Electrónico,PHP / PDF,De acuerdo a la necesidad,2012-02-02T00:00:00.000,2017-04-24T00:00:00.000,https://www.colpensiones.gov.co/Publicaciones/nuestra_entidad_colpensiones/quienes_somos,Nuestra entidad,Vicepresidencia de planeación y tecnologias de la información,Gerencia de planeación institucional / Dirección de planeación y proyectos
Nuestra entidad,Marco Estratégico,Español,Electrónico,PHP / PDF,De acuerdo a la necesidad,2012-02-02T00:00:00.000,2016-09-22T00:00:00.000,https://www.colpensiones.gov.co/Publicaciones/nuestra_entidad_colpensiones/marco_estrategico,Nuestra entidad,Vicepresidencia de planeación y tecnologias de la información,Gerencia de planeación institucional / Dirección de planeación y proyectos
Nuestra entidad,Nuestro Equipo,Español,Electrónico,PHP / PDF,De acuerdo a la necesidad,2012-02-02T00:00:00.000,2019-09-12T00:00:00.000,https://www.colpensiones.gov.co/Publicaciones/nuestra_entidad_colpensiones/organigrama_y_equipo_humano,Nuestra entidad,Vicepresidencia de Gestión corporativa,Gerencia de talento humano y relaciones laborales / Dirección de desarrollo del talento humano
Nuestra entidad,Normativas,Español,Electrónico / Físico,PHP / PDF,De acuerdo a la necesidad,2012-12-14T00:00:00.000,2019-06-06T00:00:00.000,https://www.colpensiones.gov.co/Publicaciones/nuestra_entidad_colpensiones/Normativas/Normativa,Nuestra entidad,Oficina asesora de asuntos legales,Oficina asesora de asuntos legales
Nuestra entidad,Normativa Interna,Español,Electrónico / Físico,PHP,De acuerdo a la necesidad,2012-12-14T00:00:00.000,2018-03-27T00:00:00.000,https://www.colpensiones.gov.co/Publicaciones/nuestra_entidad_colpensiones/Normativas/normativa_interna_colpensiones,Nuestra entidad,Oficina asesora de asuntos legales,Oficina asesora de asuntos legales
Nuestra entidad,Normativa - Acuerdos,Español,Electrónico / Físico,PHP / PDF,De acuerdo a la necesidad,2012-12-14T00:00:00.000,2019-10-23T00:00:00.000,https://www.colpensiones.gov.co/Publicaciones/nuestra_entidad_colpensiones/Normativas/normativa_interna_colpensiones/normativa_interna_colpensiones_acuerdos,Nuestra entidad,Oficina asesora de asuntos legales,Oficina asesora de asuntos legales
Nuestra entidad,Normativa - Resoluciones,Español,Electrónico / Físico,PHP / PDF,De acuerdo a la necesidad,2012-12-14T00:00:00.000,2019-07-26T00:00:00.000,https://www.colpensiones.gov.co/Publicaciones/nuestra_entidad_colpensiones/Normativas/normativa_interna_colpensiones/normativa_interna_colpensiones_resoluciones,Nuestra entidad,Oficina asesora de asuntos legales,Oficina asesora de asuntos legales
Nuestra entidad,Convocatorias Públicas,Español,Electrónico / Físico,PHP / PDF / XLSX,De acuerdo a la necesidad,20/02/2013,2019-09-20T00:00:00.000,https://www.colpensiones.gov.co/Documentos/informacion_de_contratacion,Nuestra entidad,Vicepresidencia de Gestión corporativa,Gerencia Administrativa / Dirección contractual
Nuestra entidad,Subastas Inversas,Español,Electrónico / Físico,PHP / PDF / XLSX,De acuerdo a la necesidad,20/02/2013,2018-04-02T00:00:00.000,https://www.colpensiones.gov.co/Documentos/informacion_de_contratacion,Nuestra entidad,Vicepresidencia de Gestión corporativa,Gerencia Administrativa / Dirección contractual
Nuestra entidad,Manual de contratación,Español,Electrónico / Físico,PHP / PDF / XLSX,De acuerdo a la necesidad,20/02/2013,2014-08-08T00:00:00.000,https://www.colpensiones.gov.co/Documentos/informacion_de_contratacion,Nuestra entidad,Vicepresidencia de Gestión corporativa,Gerencia Administrativa / Dirección contractual
Nuestra entidad,Historico de contratación,Español,Electrónico / Físico,PHP / PDF / XLSX,De acuerdo a la necesidad,20/02/2013,2012-02-17T00:00:00.000,https://www.colpensiones.gov.co/Documentos/informacion_de_contratacion,Nuestra entidad,Vicepresidencia de Gestión corporativa,Gerencia Administrativa / Dirección contractual
Nuestra entidad,Contratos y Aceptaciones de Oferta,Español,Electrónico / Físico,PHP / PDF / XLSX,De acuerdo a la necesidad,20/02/2013,2019-01-28T00:00:00.000,https://www.colpensiones.gov.co/Documentos/informacion_de_contratacion,Nuestra entidad,Vicepresidencia de Gestión corporativa,Gerencia Administrativa / Dirección contractual
Nuestra entidad,Plan de Compras,Español,Electrónico / Físico,PHP / PDF / XLSX,Mensual,20/02/2013,2019-10-11T00:00:00.000,https://www.colpensiones.gov.co/Documentos/informacion_de_contratacion,Nuestra entidad,Vicepresidencia de Gestión corporativa,Gerencia Administrativa /  Dirección de Bienes y Servicios
Nuestra entidad,Formulación Presupuestal,Español,Electrónico,PHP / PDF,Anual,2012-07-22T00:00:00.000,2019-01-30T00:00:00.000,https://www.colpensiones.gov.co/Documentos/informacion_financiera,Nuestra entidad,Vicepresidencia de planeación y tecnologias de la información,Gerencia de planeación institucional / Dirección de planeación y proyectos
Nuestra entidad,Estados Financieros,Español,Electrónico,PHP / PDF,Mensual,21/02/2012,2019-09-30T00:00:00.000,https://www.colpensiones.gov.co/Documentos/informacion_financiera,Nuestra entidad,Vicepresidencia de Gestión corporativa,Gerencia Administrativa / Dirección financiera
Nuestra entidad,Ejecución Presupuestal,Español,Electrónico,PHP / PDF,Mensual,21/02/2012,2019-10-11T00:00:00.000,https://www.colpensiones.gov.co/Documentos/informacion_financiera,Nuestra entidad,Vicepresidencia de Gestión corporativa,Gerencia Administrativa / Dirección financiera
Nuestra entidad,Trabaje con nosotros,Español,Electrónico,PHP,De acuerdo a la necesidad,2012-02-14T00:00:00.000,2019-08-23T00:00:00.000,https://www.colpensiones.gov.co/Publicaciones/nuestra_entidad_colpensiones/trabaje_con_nosotros,Nuestra entidad,Vicepresidencia de Gestión corporativa,Gerencia de talento humano y relaciones laborales / Dirección de desarrollo del talento humano
Nuestra entidad,Hoja de Vida Aspirantes,Español,Electrónico,PHP,De acuerdo a la necesidad,2012-10-03T00:00:00.000,2018-10-12T00:00:00.000,https://www.colpensiones.gov.co/Publicaciones/nuestra_entidad_colpensiones/hoja_de_vida_aspirantes,Nuestra entidad,Vicepresidencia de Gestión corporativa,Gerencia de talento humano y relaciones laborales / Dirección de gestión del talento humano
Nuestra entidad,Directorio de Entidades Adscritas y Vinculadas,Español,Electrónico,PHP,De acuerdo a la necesidad,2018-10-29T00:00:00.000,2018-10-29T00:00:00.000,https://www.colpensiones.gov.co/Publicaciones/nuestra_entidad_colpensiones/directorio_de_entidades_adscritas_y_vinculadas,Nuestra entidad,Vicepresidencia de planeación y tecnologias de la información,Gerencia de planeación institucional / Dirección de planeación y proyectos
Nuestra entidad,Directorio de Agremiaciones y grupos de interés,Español,Electrónico,PHP / PDF,De acuerdo a la necesidad,2013-01-29T00:00:00.000,2018-10-29T00:00:00.000,https://www.colpensiones.gov.co/Publicaciones/nuestra_entidad_colpensiones/directorio_de_agremiaciones_y_grupos_de_interes,Nuestra entidad,Vicepresidencia de planeación y tecnologias de la información,Gerencia del Sistema Integrado de Gestion
Nuestra entidad,Protección de datos personales,Español,Electrónico,PHP,De acuerdo a la necesidad,2013-08-08T00:00:00.000,2017-04-27T00:00:00.000,https://www.colpensiones.gov.co/Publicaciones/nuestra_entidad_colpensiones/proteccion_de_datos_personales,Nuestra entidad,Vicepresidencia de seguridad y riesgos empresariales,Gerencia de riesgos y seguridad de la información
Nuestra entidad,Política tratamiento de datos personales,Español,Electrónico,PHP,De acuerdo a la necesidad,2013-07-31T00:00:00.000,2013-07-31T00:00:00.000,https://www.colpensiones.gov.co/Publicaciones/nuestra_entidad_colpensiones/proteccion_de_datos_personales/politica_tratamiento_de_datos_personales,Nuestra entidad,Vicepresidencia de seguridad y riesgos empresariales,Gerencia de riesgos y seguridad de la información
Nuestra entidad,Aviso de Privacidad,Español,Electrónico,PHP,De acuerdo a la necesidad,2013-07-31T00:00:00.000,2013-07-31T00:00:00.000,https://www.colpensiones.gov.co/Publicaciones/nuestra_entidad_colpensiones/proteccion_de_datos_personales/aviso_de_privacidad,Nuestra entidad,Vicepresidencia de seguridad y riesgos empresariales,Gerencia de riesgos y seguridad de la información
Nuestra entidad,Recomendaciones de seguridad,Español,Electrónico,PHP,De acuerdo a la necesidad,2013-07-31T00:00:00.000,2017-08-22T00:00:00.000,https://www.colpensiones.gov.co/Publicaciones/nuestra_entidad_colpensiones/proteccion_de_datos_personales/recomendaciones_de_seguridad,Nuestra entidad,Vicepresidencia de seguridad y riesgos empresariales,Gerencia de riesgos y seguridad de la información
Nuestra entidad,Estrategia de seguimiento (indicadores),Español,Electrónico,PHP / PDF,Mensual,2014-07-22T00:00:00.000,2019-10-25T00:00:00.000,https://www.colpensiones.gov.co/Publicaciones/nuestra_entidad_colpensiones/estrategia_de_seguimiento_indicadores,Nuestra entidad,Vicepresidencia de planeación y tecnologias de la información,Gerencia de Planeación Institucional
Nuestra entidad,Edictos de Servidores Públicos,Español,Electrónico,PHP / PDF,De acuerdo a la necesidad,2016-03-08T00:00:00.000,2017-03-28T00:00:00.000,https://www.colpensiones.gov.co/Publicaciones/nuestra_entidad_colpensiones/edictos_de_servidores_publicos,Nuestra entidad,Vicepresidencia de planeación y tecnologias de la información,Gerencia de planeación institucional / Dirección de planeación y proyectos
Nuestra entidad,Notificaciones por aviso a Ex Servidores Públicos,Español,Electrónico,PHP / PDF,De acuerdo a la necesidad,2017-08-02T00:00:00.000,2017-08-11T00:00:00.000,https://www.colpensiones.gov.co/Publicaciones/nuestra_entidad_colpensiones/notificaciones_por_aviso_a_ex_servidores_publicos,Nuestra entidad,Vicepresidencia de Gestión corporativa,Gerencia de talento humano y relaciones laborales / Dirección de gestión del talento humano
Nuestra entidad,Carta de trato digno,Español,Electrónico,PHP / PDF,De acuerdo a la necesidad,2016-05-13T00:00:00.000,2016-05-17T00:00:00.000,https://www.colpensiones.gov.co/Publicaciones/nuestra_entidad_colpensiones/carta_de_trato_digno_al_ciudadano,Nuestra entidad,Vicepresidencia Comercial y de Servicio al ciudadano,Gerencia de servicio y atencion al ciudadano / Dirección de atención y servicio
Gestión y control,Programas y Proyectos en Ejecución,Español,Electrónico,PHP / PDF,De acuerdo a la necesidad,21/02/2012,2019-01-31T00:00:00.000,https://www.colpensiones.gov.co/Documentos/programas_y_proyectos_en_ejecucion,Gestión y control,Vicepresidencia de planeación y tecnologias de la información,Gerencia de planeación institucional / Dirección de planeación y proyectos
Gestión y control,Informe de Gestión,Español,Electrónico,PHP / PDF,De acuerdo a la necesidad,21/02/2012,2019-01-31T00:00:00.000,https://www.colpensiones.gov.co/Documentos/informes_de_gestion,Gestión y control,Vicepresidencia de planeación y tecnologias de la información,Gerencia de planeación institucional / Dirección de planeación y proyectos
Gestión y control,Gestión Documental,Español,Electrónico,PHP / PDF,De acuerdo a la necesidad,2014-11-04T00:00:00.000,2018-05-30T00:00:00.000,https://www.colpensiones.gov.co/Publicaciones/gestion_y_control/gestion_institucional/gestion_documental,Gestión y control,Vicepresidencia de Gestión corporativa,Gerencia Administrativa / Dirección documental
Gestión y control,Participación ciudadana,Español,Electrónico,PHP / PDF,De acuerdo a la necesidad,2012-11-09T00:00:00.000,2017-11-07T00:00:00.000,https://www.colpensiones.gov.co/Publicaciones/gestion_y_control/gestion_institucional/participacion_ciudadana,Gestión y control,Oficina de Relacionamiento y comunicaciones,Oficina de Relacionamiento y comunicaciones
Gestión y control,Datos abiertos,Español,Electrónico,PHP / PDF,De acuerdo a la necesidad,2012-12-27T00:00:00.000,2017-01-31T00:00:00.000,https://www.colpensiones.gov.co/Publicaciones/gestion_y_control/gestion_institucional/datos_abiertos,Gestión y control,Vicepresidencia de planeación y tecnologias de la información,Gerencia de Planeación Institucional / Dirección de prospectiva y estudios
Gestión y control,Transparencia y acceso a información pública,Español,Electrónico,PHP / PDF,De acuerdo a la necesidad,2015-04-14T00:00:00.000,2019-08-30T00:00:00.000,https://www.colpensiones.gov.co/Publicaciones/gestion_y_control/gestion_institucional/transparencia_y_acceso_a_la_informacion_publica,Gestión y control,Vicepresidencia de planeación y tecnologias de la información,Gerencia de planeación institucional / Dirección de planeación y proyectos
Gestión y control,Manuales,Español,Electrónico,PHP / PDF,De acuerdo a la necesidad,2018-02-01T00:00:00.000,2019-08-30T00:00:00.000,https://www.colpensiones.gov.co/Documentos/Manuales,Gestión y control,Vicepresidencia de planeación y tecnologias de la información,Gerencia del Sistema Integrado de Gestion
Gestión y control,Seguimiento a los planes de mejoramiento,Español,Electrónico,PHP / PDF,Semestral,2016-09-20T00:00:00.000,2019-08-30T00:00:00.000,https://www.colpensiones.gov.co/Publicaciones/gestion_y_control/gestion_institucional/transparencia_y_acceso_a_la_informacion_publica/seguimiento_a_los_planes_de_mejoramiento,Gestión y control,Oficina de Control Interno,Oficina de Control Interno
Gestión y control,Informes defensa Judicial,Español,Electrónico,PHP / PDF,Trimestral,2018-03-22T00:00:00.000,2019-08-29T00:00:00.000,https://www.colpensiones.gov.co/Documentos/informes_defensa_judicial,Gestión y control,Vicepresidencia de planeación y tecnologias de la información,Gerencia de Planeación Institucional / Dirección de prospectiva y estudios
Gestión y control,Cuenta Fiscal,Español,Electrónico,PHP / PDF,De acuerdo a la necesidad,2016-09-09T00:00:00.000,2019-04-09T00:00:00.000,https://www.colpensiones.gov.co/Publicaciones/gestion_y_control/gestion_institucional/transparencia_y_acceso_a_la_informacion_publica/cuenta_fiscal,Gestión y control,Oficina de Control Interno,Oficina de Control Interno
Gestión y control,Costo de reproducción,Español,Electrónico,PHP / PDF,De acuerdo a la necesidad,2017-05-09T00:00:00.000,2019-08-29T00:00:00.000,https://www.colpensiones.gov.co/Publicaciones/costos_de_reproduccion,Gestión y control,Vicepresidencia de Gestión corporativa,Gerencia Administrativa / Dirección documental
Gestión y control,"Informe de peticiones, quejas, reclamos, denuncias y solicitudes de acceso a la informacion",Español,Electrónico,PHP / PDF,Trimestral,2017-05-09T00:00:00.000,2019-10-07T00:00:00.000,https://www.colpensiones.gov.co/Documentos/informe_de_peticiones_quejas_reclamos_denuncias_y_solicitudes_de_acceso_a_la_informacion,Gestión y control,Vicepresidencia Comercial y de Servicio al ciudadano,Gerencia de servicio y atencion al ciudadano / Dirección de administración de solicitudesy PQRS
Gestión y control,Procesos y Procedimientos,Español,Electrónico,PHP / PDF,De acuerdo a la necesidad,2016-09-02T00:00:00.000,2019-08-30T00:00:00.000,https://www.colpensiones.gov.co/Publicaciones/gestion_y_control/gestion_institucional/transparencia_y_acceso_a_la_informacion_publica/procesos_y_procedimientos,Gestión y control,Vicepresidencia de planeación y tecnologias de la información,Gerencia del Sistema Integrado de Gestion
Gestión y control,Entes de control,Español,Electrónico,PHP / PDF,De acuerdo a la necesidad,2019-08-29T00:00:00.000,2019-08-29T00:00:00.000,https://www.colpensiones.gov.co/Publicaciones/gestion_y_control/gestion_institucional/transparencia_y_acceso_a_la_informacion_publica/entes_de_control,Gestión y control,Vicepresidencia de Planeación y Tecnologías de la Información,Gerencia de Planeación Institucional
Gestión y control,Reportes de Control Interno,Español,Electrónico,PHP / PDF,Trimestral,21/02/2012,2019-10-02T00:00:00.000,https://www.colpensiones.gov.co/Documentos/reportes_de_control_interno,Gestión y control,Oficina de control interno,Oficina de control interno
Gestión y control,Control y rendición de cuentas,Español,Electrónico,PHP / PDF,Anual,2012-07-25T00:00:00.000,2019-10-01T00:00:00.000,https://www.colpensiones.gov.co/Publicaciones/gestion_y_control/gestion_institucional/control_y_rendicion_de_cuentas,Gestión y control,Oficina de control interno,Oficina de control interno
Gestión y control,Estudios y publicaciones,Español,Electrónico,PHP / PDF,De acuerdo a la necesidad,2017-03-14T00:00:00.000,2018-06-14T00:00:00.000,https://www.colpensiones.gov.co/Publicaciones/estudios_y_publicaciones,Gestión y control,Vicepresidencia de planeación y tecnologias de la información,Gerencia de Planeación Institucional / Dirección de prospectiva y estudios
Gestión y control,Foros,Español,Electrónico,PHP / PDF,De acuerdo a la necesidad,2017-03-14T00:00:00.000,2018-06-14T00:00:00.000,https://www.colpensiones.gov.co/Publicaciones/estudios_y_publicaciones/Foros,Gestión y control,Vicepresidencia de planeación y tecnologias de la información,Gerencia de Planeación Institucional / Dirección de prospectiva y estudios
Gestión y control,Talleres,Español,Electrónico,PHP / PDF,De acuerdo a la necesidad,2017-03-14T00:00:00.000,2017-05-01T00:00:00.000,https://www.colpensiones.gov.co/Publicaciones/estudios_y_publicaciones/Talleres,Gestión y control,Vicepresidencia de planeación y tecnologias de la información,Gerencia de Planeación Institucional / Dirección de prospectiva y estudios
Gestión y control,Repositorio Colpensiones y OISS,Español,Electrónico,PHP / PDF,De acuerdo a la necesidad,2018-03-14T00:00:00.000,2019-08-30T00:00:00.000,https://www.colpensiones.gov.co/Publicaciones/estudios_y_publicaciones/repositorio_colpensiones_y_oiss,Gestión y control,Vicepresidencia de planeación y tecnologias de la información,Gerencia de Planeación Institucional / Dirección de prospectiva y estudios
Gestión y control,Seguimiento de la Corte Constitucional,Español,Electrónico,PDF,De acuerdo a la necesidad,2013-08-09T00:00:00.000,2019-06-04T00:00:00.000,https://www.colpensiones.gov.co/Publicaciones/nuestra_entidad_colpensiones/seguimiento_de_la_corte_constitucional,Gestión y control,Oficina de Control Interno,Oficina de Control Interno
Gestión y control,Autos emitidos por la Honorable Corte Constitucional,Español,Electrónico,PHP / PDF,De acuerdo a la necesidad,2013-07-12T00:00:00.000,2018-05-23T00:00:00.000,https://www.colpensiones.gov.co/Documentos/documentos_relacionados_al_seguimiento_de_la_corte_constitucional/autos_emitidos_por_la_honorable_corte_constitucional,Gestión y control,Vicepresidencia de planeación y tecnologias de la información,Gerencia de Planeación Institucional / Dirección de prospectiva y estudios
Gestión y control,Informes Contraloría General de la República,Español,Electrónico,PHP / PDF,De acuerdo a la necesidad,2016-09-08T00:00:00.000,2017-11-24T00:00:00.000,https://www.colpensiones.gov.co/Documentos/documentos_relacionados_al_seguimiento_de_la_corte_constitucional/informes_contraloria_general_de_la_republica,Gestión y control,Vicepresidencia de planeación y tecnologias de la información,Gerencia de Planeación Institucional / Dirección de prospectiva y estudios
Gestión y control,Informes Defensoría del Pueblo,Español,Electrónico,PHP / PDF,De acuerdo a la necesidad,2016-09-08T00:00:00.000,2017-11-24T00:00:00.000,https://www.colpensiones.gov.co/Documentos/documentos_relacionados_al_seguimiento_de_la_corte_constitucional/informes_defensoria_del_pueblo,Gestión y control,Vicepresidencia de planeación y tecnologias de la información,Gerencia de Planeación Institucional / Dirección de prospectiva y estudios
Gestión y control,Informes de la Procuraduría General de la Nación,Español,Electrónico,PHP / PDF,De acuerdo a la necesidad,2016-09-08T00:00:00.000,2017-11-24T00:00:00.000,https://www.colpensiones.gov.co/Documentos/documentos_relacionados_al_seguimiento_de_la_corte_constitucional/informes_de_la_procuraduria_general_de_la_nacion,Gestión y control,Vicepresidencia de planeación y tecnologias de la información,Gerencia de Planeación Institucional / Dirección de prospectiva y estudios
Gestión y control,Informes de la Superintendencia Financiera de Colombia,Español,Electrónico,PHP / PDF,De acuerdo a la necesidad,2016-09-08T00:00:00.000,2017-12-11T00:00:00.000,https://www.colpensiones.gov.co/Documentos/documentos_relacionados_al_seguimiento_de_la_corte_constitucional/informes_de_la_superintendencia_financiera_de_colombia,Gestión y control,Vicepresidencia de planeación y tecnologias de la información,Gerencia de Planeación Institucional / Dirección de prospectiva y estudios
Gestión y control,Informes ISS - Instituto de Seguros Sociales en liquidación,Español,Electrónico,PHP / PDF,De acuerdo a la necesidad,2013-10-28T00:00:00.000,2015-03-12T00:00:00.000,https://www.colpensiones.gov.co/Documentos/documentos_relacionados_al_seguimiento_de_la_corte_constitucional/informes_iss_instituto_de_seguros_sociales_en_liquidacion,Gestión y control,Vicepresidencia de planeación y tecnologias de la información,Gerencia de Planeación Institucional / Dirección de prospectiva y estudios
Gestión y control,Informes anuales Sentencia T-774-15,Español,Electrónico,PHP / PDF,Anual,2017-05-03T00:00:00.000,23/04/2018,https://www.colpensiones.gov.co/Documentos/documentos_relacionados_al_seguimiento_de_la_corte_constitucional/informes_anuales_sobre_el_estado_de_los_derechos_fundamentales_de_los_usuarios_sentencia_t77415,Gestión y control,Vicepresidencia de planeación y tecnologias de la información,Gerencia de Planeación Institucional / Dirección de prospectiva y estudios
Gestión y control,Informes presentados a la H.C.C. por Colpensiones,Español,Electrónico,PHP / PDF,De acuerdo a la necesidad,2013-06-08T00:00:00.000,2017-08-14T00:00:00.000,https://www.colpensiones.gov.co/Documentos/documentos_relacionados_al_seguimiento_de_la_corte_constitucional/informes_presentados_a_la_hcc_por_colpensiones,Gestión y control,Vicepresidencia de planeación y tecnologias de la información,Gerencia de Planeación Institucional / Dirección de prospectiva y estudios
Gestión y control,Informes presentados a la Superintendencia Financiera,Español,Electrónico,PHP / PDF,De acuerdo a la necesidad,2017-10-11T00:00:00.000,2019-09-19T00:00:00.000,https://www.colpensiones.gov.co/Documentos/documentos_relacionados_al_seguimiento_de_la_corte_constitucional/informes_presentados_a_la_superintendencia_financiera,Gestión y control,Vicepresidencia de planeación y tecnologias de la información,Gerencia de Planeación Institucional / Dirección de prospectiva y estudios
Gestión y control,Informes trimestrales de cumplimiento a la Sentencia T-774-15,Español,Electrónico,PHP / PDF,De acuerdo a la necesidad,2016-06-17T00:00:00.000,2019-02-05T00:00:00.000,https://www.colpensiones.gov.co/Documentos/documentos_relacionados_al_seguimiento_de_la_corte_constitucional/informes_trimestrales_de_cumplimiento_a_la_sentencia_t77415,Gestión y control,Vicepresidencia de planeación y tecnologias de la información,Gerencia de Planeación Institucional / Dirección de prospectiva y estudios
Ayuda al ciudadano,Atención al ciudadano,Español,Electrónico,PHP / PDF,De acuerdo a la necesidad,2012-10-02T00:00:00.000,2018-06-01T00:00:00.000,https://www.colpensiones.gov.co/Publicaciones/ayuda_al_ciudadano/atencion_al_ciudadano,Ayuda al ciudadano,Vicepresidencia Comercial y de Servicio al ciudadano,Gerencia de servicio y atencion al ciudadano / Dirección de atención y servicio
Ayuda al ciudadano,Puntos de Atención,Español,Electrónico,PHP / PDF,De acuerdo a la necesidad,2014-03-18T00:00:00.000,2019-09-04T00:00:00.000,https://www.colpensiones.gov.co/Publicaciones/puntos_de_atencion_colpensiones,Ayuda al ciudadano,Vicepresidencia Comercial y de Servicio al ciudadano,Gerencia de servicio y atención al ciudadano
Ayuda al ciudadano,Líneas de atención telefónica,Español,Electrónico,PHP / PDF,De acuerdo a la necesidad,2015-11-23T00:00:00.000,2019-04-03T00:00:00.000,https://www.colpensiones.gov.co/Publicaciones/ayuda_al_ciudadano/atencion_al_ciudadano/lineas_de_atencion_telefonica,Ayuda al ciudadano,Vicepresidencia Comercial y de Servicio al ciudadano,Gerencia de servicio y atencion al ciudadano / Dirección de atención y servicio
Ayuda al ciudadano,Preguntas y respuestas frecuentes,Español,Electrónico,PHP / PDF,De acuerdo a la necesidad,2012-10-02T00:00:00.000,2017-11-27T00:00:00.000,https://www.colpensiones.gov.co/FAQ,Ayuda al ciudadano,Vicepresidencia Comercial y de Servicio al ciudadano,Gerencia de servicio y atencion al ciudadano / Dirección de atención y servicio
Ayuda al ciudadano,Glosario,Español,Electrónico,PHP / PDF,De acuerdo a la necesidad,2012-10-02T00:00:00.000,2017-11-27T00:00:00.000,https://www.colpensiones.gov.co/glosario.php,Ayuda al ciudadano,Vicepresidencia de Operaciones del Regimen de prima media,Gerencia de defensa judicial / Dirección de procesos judiciales
Ayuda al ciudadano,Formularios PQRS,Español,Electrónico,PHP / PDF,De acuerdo a la necesidad,2012-02-02T00:00:00.000,2017-07-30T00:00:00.000,https://www.colpensiones.gov.co/Publicaciones/ayuda_al_ciudadano/atencion_al_ciudadano/peticiones_quejas_o_reclamos_menores_de_edad_y_empleadores,Ayuda al ciudadano,Vicepresidencia Comercial y de Servicio al ciudadano,Gerencia de servicio y atencion al ciudadano / Dirección de administración de solicitudesy PQRS
Ayuda al ciudadano,Consultar estado PQR,Español,Electrónico,PHP / PDF,De acuerdo a la necesidad,2012-10-02T00:00:00.000,2019-08-21T00:00:00.000,https://www.colpensiones.gov.co/loader.php?lServicio=Se&lFuncion=iniciarTramiteIframe&id=84,Ayuda al ciudadano,Vicepresidencia Comercial y de Servicio al ciudadano,Gerencia de servicio y atencion al ciudadano / Dirección de administración de solicitudesy PQRS
Ayuda al ciudadano,Descarga de Formularios,Español,Electrónico / Físico,PHP / PDF,De acuerdo a la necesidad,2012-02-02T00:00:00.000,2019-04-24T00:00:00.000,https://www.colpensiones.gov.co/Documentos/descarga_de_formularios,Ayuda al ciudadano,Vicepresidencia Comercial y de Servicio al ciudadano,Gerencia de servicio y atencion al ciudadano / Dirección de atención y servicio
Ayuda al ciudadano,Sala de prensa,Español,Electrónico,PHP / PDF,De acuerdo a la necesidad,2017-07-31T00:00:00.000,2019-10-28T00:00:00.000,https://www.colpensiones.gov.co/Publicaciones/sala_de_prensa,Ayuda al ciudadano,Oficina de Relacionamiento y comunicaciones,Oficina de Relacionamiento y comunicaciones
Ayuda al ciudadano,Trámites en línea,Español,Electrónico,PHP,De acuerdo a la necesidad,2015-11-23T00:00:00.000,2018-09-05T00:00:00.000,https://www.colpensiones.gov.co/Publicaciones/Tramites,Ayuda al ciudadano,Vicepresidencia Comercial y de Servicio al ciudadano,Gerencia de servicio y atencion al ciudadano / Dirección de atención y servicio
Ayuda al ciudadano,Atención para personas en situación de Discapacidad Auditiva,Español,Electrónico,PHP,De acuerdo a la necesidad,2019-09-19T00:00:00.000,2019-10-15T00:00:00.000,https://www.colpensiones.gov.co/Publicaciones/atencion_para_personas_en_situacion_de_discapacidad_auditiva,Ayuda al ciudadano,Vicepresidencia Comercial y de Servicio al ciudadano,Gerencia de servicio y atencion al ciudadano / Dirección de atención y servicio
Secciones Y Enlaces De Interés,Sistema de Atención al Consumidor Financiero,Español,Electrónico,PHP,De acuerdo a la necesidad,2012-02-24T00:00:00.000,2018-10-25T00:00:00.000,https://www.colpensiones.gov.co/Publicaciones/ayuda_al_ciudadano/atencion_al_ciudadano/sistema_de_atencion_al_consumidor_financiero,Secciones Y Enlaces De Interés,Vicepresidencia Comercial y de Servicio al ciudadano,Gerencia de servicio y atencion al ciudadano / Dirección de atención y servicio
Secciones Y Enlaces De Interés,Derechos y Deberes,Español,Electrónico,PHP,De acuerdo a la necesidad,2012-02-25T00:00:00.000,2012-11-20T00:00:00.000,https://www.colpensiones.gov.co/Publicaciones/derechos_y_deberes,Secciones Y Enlaces De Interés,Vicepresidencia Comercial y de Servicio al ciudadano,Gerencia de servicio y atencion al ciudadano / Dirección de administración de solicitudesy PQRS
Secciones Y Enlaces De Interés,Términos y Condiciones de Uso,Español,Electrónico,PHP / PDF,De acuerdo a la necesidad,2012-02-02T00:00:00.000,2014-10-29T00:00:00.000,https://www.colpensiones.gov.co/Publicaciones/ayuda_al_ciudadano/atencion_al_ciudadano/terminos_y_condiciones_de_uso,Secciones Y Enlaces De Interés,Vicepresidencia Comercial y de Servicio al ciudadano,Gerencia de servicio y atencion al ciudadano / Dirección de atención y servicio
Secciones Y Enlaces De Interés,Encuesta,Español,Electrónico,PHP / PDF,De acuerdo a la necesidad,2012-02-02T00:00:00.000,2019-08-31T00:00:00.000,https://www.colpensiones.gov.co/Formularios/encuesta_de_satisfaccin_2019_01,Secciones Y Enlaces De Interés,Vicepresidencia Comercial y de Servicio al ciudadano,Gerencia de servicio y atencion al ciudadano / Dirección de atención y servicio
Secciones Y Enlaces De Interés,Defensor del Consumidor Financiero,Español,Electrónico,PHP / PDF,De acuerdo a la necesidad,2012-02-25T00:00:00.000,2018-10-25T00:00:00.000,https://www.colpensiones.gov.co/Publicaciones/ayuda_al_ciudadano/atencion_al_ciudadano/defensor_del_consumidor_financiero,Secciones Y Enlaces De Interés,Vicepresidencia Comercial y de Servicio al ciudadano,Gerencia Comercial / Dirección de Mercadeo
Secciones Y Enlaces De Interés,Consulta de pago de Costas,Español,Electrónico,PHP,De acuerdo a la necesidad,2017-12-13T00:00:00.000,2017-12-13T00:00:00.000,https://www.colpensiones.gov.co/Formularios/consulta_de_pago_de_costas,Secciones Y Enlaces De Interés,Vicepresidencia de Operaciones del Regimen de prima media,Gerencia de defensa judicial / Dirección de procesos judiciales
Secciones Y Enlaces De Interés,Traslados de Salida,Español,Electrónico,PHP,De acuerdo a la necesidad,2019-11-26T00:00:00.000,2018-11-26T00:00:00.000,https://www.colpensiones.gov.co/Formularios/consulta_de_pago_de_costas,Secciones Y Enlaces De Interés,Vicepresidencia de Operaciones del Regimen de prima media,Gerencia de administración de la información / Dirección de afiliaciones
Secciones Y Enlaces De Interés,Notificaciones Judiciales,Español,Electrónico,PHP / PDF,De acuerdo a la necesidad,2012-06-20T00:00:00.000,2018-11-26T00:00:00.000,https://www.colpensiones.gov.co/Publicaciones/ayuda_al_ciudadano/atencion_al_ciudadano/notificaciones_judiciales,Secciones Y Enlaces De Interés,Vicepresidencia de Operaciones del Regimen de prima media,Gerencia de defensa judicial / Dirección de procesos judiciales
Secciones Y Enlaces De Interés,Calendario,Español,Electrónico,PHP,De acuerdo a la necesidad,2012-10-02T00:00:00.000,2017-02-20T00:00:00.000,https://www.colpensiones.gov.co/loader.php?lServicio=Calendario,Secciones Y Enlaces De Interés,Vicepresidencia comercial y de servicio al ciudadano,Gerencia Comercial / Dirección de Mercadeo
Secciones Y Enlaces De Interés,Mapa del sitio,Español,Electrónico,PHP,De acuerdo a la necesidad,2012-02-02T00:00:00.000,2017-05-08T00:00:00.000,https://www.colpensiones.gov.co/Publicaciones/mapa_del_sitio,Secciones Y Enlaces De Interés,Vicepresidencia Comercial y de Servicio al ciudadano,Gerencia de servicio y atencion al ciudadano / Dirección de atención y servicio
Secciones Y Enlaces De Interés,Ayudas de  navegación,Español,Electrónico,PHP,De acuerdo a la necesidad,2012-02-04T00:00:00.000,2012-02-27T00:00:00.000,https://www.colpensiones.gov.co/Publicaciones/ayuda_de_navegacion,Secciones Y Enlaces De Interés,Vicepresidencia Comercial y de Servicio al ciudadano,Gerencia de servicio y atencion al ciudadano / Dirección de atención y servicio
Segmento Pensiones Y Afiliaciones,¿Qué es la afiliación?,Español,Electrónico,PHP / PDF,De acuerdo a la necesidad,2012-02-14T00:00:00.000,2017-08-18T00:00:00.000,https://www.colpensiones.gov.co/pensiones/Publicaciones/afiliados_colpensiones/que_es_la_afiliacion,Segmento Pensiones Y Afiliaciones,Vicepresidencia de Operaciones del Regimen de prima media,Gerencia de administración de la información / Dirección de afiliaciones
Segmento Pensiones Y Afiliaciones,¿Cómo me puedo afiliar a Colpensiones?,Español,Electrónico,PHP / PDF,De acuerdo a la necesidad,2012-02-02T00:00:00.000,2018-01-23T00:00:00.000,https://www.colpensiones.gov.co/pensiones/Publicaciones/afiliados_colpensiones/como_me_puedo_afiliar_a_colpensiones,Segmento Pensiones Y Afiliaciones,Vicepresidencia de Operaciones del Regimen de prima media,Gerencia de administración de la información / Dirección de afiliaciones
Segmento Pensiones Y Afiliaciones,Qué se requiere para trasladarse de régimen,Español,Electrónico,PHP / PDF,De acuerdo a la necesidad,2012-02-02T00:00:00.000,2018-08-03T00:00:00.000,https://www.colpensiones.gov.co/pensiones/Publicaciones/afiliados_colpensiones/que_se_requiere_para_trasladarse_de_regimen,Segmento Pensiones Y Afiliaciones,Vicepresidencia de Operaciones del Regimen de prima media,Gerencia de administración de la información / Dirección de afiliaciones
Segmento Pensiones Y Afiliaciones,¿Cómo se pueden realizar los aportes?,Español,Electrónico,PHP / PDF,De acuerdo a la necesidad,2012-02-02T00:00:00.000,2019-05-13T00:00:00.000,https://www.colpensiones.gov.co/pensiones/Publicaciones/afiliados_colpensiones/como_se_pueden_realizar_los_aportes,Segmento Pensiones Y Afiliaciones,Vicepresidencia de Operaciones del Regimen de prima media,Gerencia de financiamiento e inversiones / Dirección de ingresos por aportes
Segmento Pensiones Y Afiliaciones,Beneficios del Régimen de Prima Media,Español,Electrónico,PHP / PDF,De acuerdo a la necesidad,2012-02-02T00:00:00.000,2019-09-05T00:00:00.000,https://www.colpensiones.gov.co/pensiones/Publicaciones/afiliados_colpensiones/beneficios_del_regimen_de_prima_media,Segmento Pensiones Y Afiliaciones,Vicepresidencia de Operaciones del Regimen de prima media,Gerencia de determinación de derechos / Dirección de prestaciones económicas
Segmento Pensiones Y Afiliaciones,Actualización de Datos,Español,Electrónico,PHP / PDF,De acuerdo a la necesidad,2012-06-25T00:00:00.000,2018-04-23T00:00:00.000,https://www.colpensiones.gov.co/pensiones/Publicaciones/afiliados_colpensiones/actualizacion_de_datos,Segmento Pensiones Y Afiliaciones,Vicepresidencia de Operaciones del Regimen de prima media,Gerencia de administración de la información / Dirección de afiliaciones
Segmento Pensiones Y Afiliaciones,Certificado de Afiliación,Español,Electrónico / Físico,PHP / PDF,De acuerdo a la necesidad,2012-10-05T00:00:00.000,2018-03-06T00:00:00.000,https://www.colpensiones.gov.co/pensiones/Publicaciones/afiliados_colpensiones/certificado_de_afiliacion,Segmento Pensiones Y Afiliaciones,Vicepresidencia de Operaciones del Regimen de prima media,Gerencia de administración de la información / Dirección de afiliaciones
Segmento Pensiones Y Afiliaciones,Doble Asesoria,Español,Electrónico,PHP / PDF,De acuerdo a la necesidad,2016-10-03T00:00:00.000,2016-10-04T00:00:00.000,https://www.colpensiones.gov.co/pensiones/Publicaciones/afiliados_colpensiones/doble_asesoria,Segmento Pensiones Y Afiliaciones,Vicepresidencia de Operaciones del Regimen de prima media,Gerencia de administración de la información / Dirección de afiliaciones
Segmento Pensiones Y Afiliaciones,Financiación de Pensión,Español,Electrónico,PHP / PDF,De acuerdo a la necesidad,2012-02-24T00:00:00.000,2019-05-22T00:00:00.000,https://www.colpensiones.gov.co/pensiones/Publicaciones/afiliados_colpensiones/financiacion_de_pension,Segmento Pensiones Y Afiliaciones,Vicepresidencia de Operaciones del Regimen de prima media,Gerencia de financiamiento e inversiones / Dirección de contribuciones pensionales y Egresos /+/  Dirección de ingresos por aportes
Segmento Pensiones Y Afiliaciones,Cálculo de Rentabilidad – Sentencia SU-062 de 2010,Español,Electrónico,PHP / PDF,De acuerdo a la necesidad,2013-06-07T00:00:00.000,2015-01-29T00:00:00.000,https://www.colpensiones.gov.co/pensiones/Publicaciones/afiliados_colpensiones/calculo_de_rentabilidad_sentencia_su062_de_2010,Segmento Pensiones Y Afiliaciones,Vicepresidencia de Operaciones del Regimen de prima media,Gerencia de financiamiento e inversiones / Dirección de contribuciones pensionales y Egresos
Segmento Pensiones Y Afiliaciones,Programa de Subsidio al Aporte en Pensión - PSAP,Español,Electrónico,PHP / PDF,De acuerdo a la necesidad,2013-06-07T00:00:00.000,2018-02-07T00:00:00.000,https://www.colpensiones.gov.co/pensiones/Publicaciones/afiliados_colpensiones/programa_de_subsidio_al_aporte_en_pension_psap,Segmento Pensiones Y Afiliaciones,Vicepresidencia de Operaciones del Regimen de prima media,Gerencia de financiamiento e inversiones / Dirección de ingresos por aportes
Segmento Pensiones Y Afiliaciones,Cómo realizar trámites de afiliados.,Español,Electrónico,PHP / PDF,De acuerdo a la necesidad,2013-08-21T00:00:00.000,2017-08-23T00:00:00.000,https://www.colpensiones.gov.co/pensiones/Publicaciones/afiliados_colpensiones/como_realizar_tramites_de_afiliados,Segmento Pensiones Y Afiliaciones,Vicepresidencia de Operaciones del Regimen de prima media,Gerencia de administración de la información / Dirección de afiliaciones
Segmento Pensiones Y Afiliaciones,Certificado de No pensión,Español,Electrónico,PHP / PDF,De acuerdo a la necesidad,06/03/2018,06/03/2018,https://www.colpensiones.gov.co/pensiones/Publicaciones/afiliados_colpensiones/certificado_de_no_pension,Segmento Pensiones Y Afiliaciones,Vicepresidencia de Operaciones del Regimen de prima media,Gerencia de determinación de derechos / Dirección de nómina de pensionados
Segmento Pensiones Y Afiliaciones,Boletín Colpensiones,Español,Electrónico,PHP,De acuerdo a la necesidad,2017-08-03T00:00:00.000,2019-01-31T00:00:00.000,https://www.colpensiones.gov.co/pensiones/Publicaciones/boletin_colpensiones,Segmento Pensiones Y Afiliaciones,Vicepresidencia comercial y de servicio al ciudadano,Gerencia Comercial / Dirección de Mercadeo
Colombianos En El Exterior,¿Qué es el programa Colpensiones en el exterior?,Español,Electrónico,PHP / PDF,De acuerdo a la necesidad,2012-02-02T00:00:00.000,2018-07-09T00:00:00.000,https://www.colpensiones.gov.co/pensiones/Publicaciones/colombianos_en_el_exterior/que_es_el_programa_colpensiones_en_el_exterior,Colombianos En El Exterior,Vicepresidencia Comercial y de Servicio al ciudadano,Gerencia de servicio y atencion al ciudadano / Dirección de atención y servicio
Colombianos En El Exterior,Afiliación,Español,Electrónico,PHP / PDF,De acuerdo a la necesidad,2017-07-31T00:00:00.000,2018-04-06T00:00:00.000,https://www.colpensiones.gov.co/pensiones/Publicaciones/colombianos_en_el_exterior/Afiliacion,Colombianos En El Exterior,Vicepresidencia Comercial y de Servicio al ciudadano,Gerencia de servicio y atencion al ciudadano / Dirección de atención y servicio
Colombianos En El Exterior,Pensión,Español,Electrónico,PHP / PDF,De acuerdo a la necesidad,2017-07-31T00:00:00.000,2018-07-19T00:00:00.000,https://www.colpensiones.gov.co/pensiones/Publicaciones/colombianos_en_el_exterior/Pension,Colombianos En El Exterior,Vicepresidencia de Operaciones del Regimen de prima media,Gerencia de administración de la información / Dirección de afiliaciones
Colombianos En El Exterior,Preguntas Frecuentes - Colombianos en el exterior,Español,Electrónico,PHP / PDF,De acuerdo a la necesidad,2017-07-31T00:00:00.000,2019-05-22T00:00:00.000,https://www.colpensiones.gov.co/pensiones/Publicaciones/colombianos_en_el_exterior/preguntas_frecuentes_colombianos_en_el_exterior,Colombianos En El Exterior,Vicepresidencia de Operaciones del Regimen de prima media,Gerencia de determinación de derechos / Dirección de prestaciones económicas
Colombianos En El Exterior,Convenios internacionales para colombianos en el exterior,Español,Electrónico,PHP / PDF,De acuerdo a la necesidad,2017-07-31T00:00:00.000,2018-02-08T00:00:00.000,https://www.colpensiones.gov.co/pensiones/Publicaciones/boletin_colpensiones/convenios_internacionales_para_colombianos_en_el_exterior,Colombianos En El Exterior,Vicepresidencia Comercial y de Servicio al ciudadano,Gerencia de servicio y atencion al ciudadano / Dirección de atención y servicio
Colombianos En El Exterior,Atencion a colombianos en el exterior,Español,Electrónico,PHP / PDF,De acuerdo a la necesidad,2018-06-01T00:00:00.000,2019-09-10T00:00:00.000,https://www.colpensiones.gov.co/pensiones/Publicaciones/atencion_a_colombianos_en_el_exterior,Colombianos En El Exterior,Vicepresidencia Comercial y de Servicio al ciudadano,Gerencia de servicio y atencion al ciudadano / Dirección de atención y servicio  //+// Gerencia de servicio y atencion al ciudadano / Dirección de atención y servicio
Proximos A La Pensión,Consultar y entender la Historia Laboral,Español,Electrónico / Físico,PHP / PDF / HTML5,De acuerdo a la necesidad,2012-02-02T00:00:00.000,2018-01-05T00:00:00.000,https://www.colpensiones.gov.co/pensiones/Publicaciones/proximos_a_la_pension/historia_laboral/consultar_y_entender_la_historia_laboral,Proximos A La Pensión,Vicepresidencia de Operaciones del Regimen de prima media,Gerencia de administración de la información / Dirección de historia laboral
Proximos A La Pensión,Recuperación de Semanas,Español,Electrónico / Físico,PHP / PDF / HTML5,De acuerdo a la necesidad,2013-06-07T00:00:00.000,2018-01-31T00:00:00.000,https://www.colpensiones.gov.co/pensiones/Publicaciones/proximos_a_la_pension/historia_laboral/recuperacion_de_semanas,Proximos A La Pensión,Vicepresidencia de Operaciones del Regimen de prima media,Gerencia de administración de la información / Dirección de historia laboral
Proximos A La Pensión,Paso a paso para pensionarse,Español,Electrónico,PHP / PDF,De acuerdo a la necesidad,2012-08-08T00:00:00.000,2017-07-30T00:00:00.000,https://www.colpensiones.gov.co/pensiones/Publicaciones/proximos_a_la_pension/Pension/paso_a_paso_para_pensionarse,Proximos A La Pensión,Vicepresidencia de Operaciones del Regimen de prima media,Gerencia de determinación de derechos / Dirección de prestaciones económicas
Proximos A La Pensión,Cumplimiento de Sentencias Judiciales,Español,Electrónico,PHP / PDF,De acuerdo a la necesidad,2016-11-28T00:00:00.000,2016-11-28T00:00:00.000,https://www.colpensiones.gov.co/pensiones/Publicaciones/proximos_a_la_pension/Pension/cumplimiento_de_sentencias_judiciales,Proximos A La Pensión,Vicepresidencia de Operaciones del Regimen de prima media,Gerencia de defensa judicial
Proximos A La Pensión,Tipos de pensión y otras prestaciones,Español,Electrónico,PHP / PDF,De acuerdo a la necesidad,2012-02-02T00:00:00.000,2018-04-05T00:00:00.000,https://www.colpensiones.gov.co/pensiones/Publicaciones/proximos_a_la_pension/Pension/tipos_de_pension_y_otras_prestaciones,Proximos A La Pensión,Vicepresidencia de Operaciones del Regimen de prima media,Gerencia de defensa judicial / Dirección de procesos judiciales
Proximos A La Pensión,Pensión de vejez,Español,Electrónico,PHP / PDF,De acuerdo a la necesidad,2014-10-09T00:00:00.000,2019-09-06T00:00:00.000,https://www.colpensiones.gov.co/pensiones/Publicaciones/proximos_a_la_pension/Pension/tipos_de_pension_y_otras_prestaciones/pension_de_vejez,Proximos A La Pensión,Vicepresidencia de Operaciones del Regimen de prima media,Gerencia de determinación de derechos / Dirección de prestaciones económicas
Proximos A La Pensión,Pensión de vejez - Compartida,Español,Electrónico,PHP / PDF,De acuerdo a la necesidad,2014-10-02T00:00:00.000,2019-09-06T00:00:00.000,https://www.colpensiones.gov.co/pensiones/Publicaciones/proximos_a_la_pension/Pension/tipos_de_pension_y_otras_prestaciones/pension_de_vejez_compartida,Proximos A La Pensión,Vicepresidencia de Operaciones del Regimen de prima media,Gerencia de determinación de derechos / Dirección de prestaciones económicas
Proximos A La Pensión,Pensión de vejez - Madre o padre trabajador de hijo inválido,Español,Electrónico,PHP / PDF,De acuerdo a la necesidad,2014-10-02T00:00:00.000,2019-09-06T00:00:00.000,https://www.colpensiones.gov.co/pensiones/Publicaciones/proximos_a_la_pension/Pension/tipos_de_pension_y_otras_prestaciones/pension_de_vejez_madre_o_padre_trabajador_de_hijo_invalido,Proximos A La Pensión,Vicepresidencia de Operaciones del Regimen de prima media,Gerencia de determinación de derechos / Dirección de prestaciones económicas
Proximos A La Pensión,Pensión de vejez - Anticipada por invalidez,Español,Electrónico,PHP / PDF,De acuerdo a la necesidad,2014-10-02T00:00:00.000,2019-09-06T00:00:00.000,https://www.colpensiones.gov.co/pensiones/Publicaciones/proximos_a_la_pension/Pension/tipos_de_pension_y_otras_prestaciones/pension_de_vejez_anticipada_por_invalidez,Proximos A La Pensión,Vicepresidencia de Operaciones del Regimen de prima media,Gerencia de determinación de derechos / Dirección de prestaciones económicas
Proximos A La Pensión,Pensión de vejez - Alto Riesgo,Español,Electrónico,PHP / PDF,De acuerdo a la necesidad,2014-10-02T00:00:00.000,2019-09-06T00:00:00.000,https://www.colpensiones.gov.co/pensiones/Publicaciones/proximos_a_la_pension/Pension/tipos_de_pension_y_otras_prestaciones/pension_de_vejez_alto_riesgo,Proximos A La Pensión,Vicepresidencia de Operaciones del Regimen de prima media,Gerencia de determinación de derechos / Dirección de prestaciones económicas
Proximos A La Pensión,Pensión de vejez - Convenios Internacionales,Español,Electrónico,PHP / PDF,De acuerdo a la necesidad,2014-10-02T00:00:00.000,2019-09-06T00:00:00.000,https://www.colpensiones.gov.co/pensiones/Publicaciones/proximos_a_la_pension/Pension/tipos_de_pension_y_otras_prestaciones/pension_de_vejez_convenios_internacionales,Proximos A La Pensión,Vicepresidencia de Operaciones del Regimen de prima media,Gerencia de determinación de derechos / Dirección de prestaciones económicas
Proximos A La Pensión,Pensión de vejez - Periodista,Español,Electrónico,PHP / PDF,De acuerdo a la necesidad,2014-10-02T00:00:00.000,2019-09-06T00:00:00.000,https://www.colpensiones.gov.co/pensiones/Publicaciones/proximos_a_la_pension/Pension/tipos_de_pension_y_otras_prestaciones/pension_de_vejez_periodista,Proximos A La Pensión,Vicepresidencia de Operaciones del Regimen de prima media,Gerencia de determinación de derechos / Dirección de prestaciones económicas
Proximos A La Pensión,Pensión de sobrevivientes,Español,Electrónico,PHP / PDF,De acuerdo a la necesidad,2014-10-07T00:00:00.000,2019-09-06T00:00:00.000,https://www.colpensiones.gov.co/pensiones/Publicaciones/proximos_a_la_pension/Pension/tipos_de_pension_y_otras_prestaciones/pension_de_sobrevivientes,Proximos A La Pensión,Vicepresidencia de Operaciones del Regimen de prima media,Gerencia de determinación de derechos / Dirección de prestaciones económicas
Proximos A La Pensión,Pensión de sobrevivientes - Sustitución Provisional Ley 1204,Español,Electrónico,PHP / PDF,De acuerdo a la necesidad,2014-10-07T00:00:00.000,2019-09-06T00:00:00.000,https://www.colpensiones.gov.co/pensiones/Publicaciones/proximos_a_la_pension/Pension/tipos_de_pension_y_otras_prestaciones/pension_de_sobrevivientes_sustitucion_provisional_ley_1204,Proximos A La Pensión,Vicepresidencia de Operaciones del Regimen de prima media,Gerencia de determinación de derechos / Dirección de prestaciones económicas
Proximos A La Pensión,Pensión de sobrevivientes - Convenios internacionales,Español,Electrónico,PHP / PDF,De acuerdo a la necesidad,2014-10-07T00:00:00.000,2019-09-06T00:00:00.000,https://www.colpensiones.gov.co/pensiones/Publicaciones/proximos_a_la_pension/Pension/tipos_de_pension_y_otras_prestaciones/pension_de_sobrevivientes_convenios_internacionales,Proximos A La Pensión,Vicepresidencia de Operaciones del Regimen de prima media,Gerencia de determinación de derechos / Dirección de prestaciones económicas
Proximos A La Pensión,Pensión de sobrevivientes - Sustitución Pensional,Español,Electrónico,PHP / PDF,De acuerdo a la necesidad,2014-10-07T00:00:00.000,2019-09-06T00:00:00.000,https://www.colpensiones.gov.co/pensiones/Publicaciones/proximos_a_la_pension/Pension/tipos_de_pension_y_otras_prestaciones/pension_de_sobrevivientes_sustitucion_pensional,Proximos A La Pensión,Vicepresidencia de Operaciones del Regimen de prima media,Gerencia de determinación de derechos / Dirección de prestaciones económicas
Proximos A La Pensión,Auxilio Funerario,Español,Electrónico,PHP / PDF,De acuerdo a la necesidad,2014-10-06T00:00:00.000,2019-09-06T00:00:00.000,https://www.colpensiones.gov.co/pensiones/Publicaciones/proximos_a_la_pension/Pension/tipos_de_pension_y_otras_prestaciones/auxilio_funerario,Proximos A La Pensión,Vicepresidencia de Operaciones del Regimen de prima media,Gerencia de determinación de derechos / Dirección de prestaciones económicas
Proximos A La Pensión,Pensión por Invalidez,Español,Electrónico,PHP / PDF,De acuerdo a la necesidad,2014-10-06T00:00:00.000,2019-09-06T00:00:00.000,https://www.colpensiones.gov.co/pensiones/Publicaciones/proximos_a_la_pension/Pension/tipos_de_pension_y_otras_prestaciones/pension_por_invalidez,Proximos A La Pensión,Vicepresidencia de Operaciones del Regimen de prima media,Gerencia de determinación de derechos / Dirección de prestaciones económicas
Proximos A La Pensión,Pensión por Invalidez - Convenio Internacional,Español,Electrónico,PHP / PDF,De acuerdo a la necesidad,2014-10-06T00:00:00.000,2019-09-06T00:00:00.000,https://www.colpensiones.gov.co/pensiones/Publicaciones/proximos_a_la_pension/Pension/tipos_de_pension_y_otras_prestaciones/pension_por_invalidez_convenio_internacional,Proximos A La Pensión,Vicepresidencia de Operaciones del Regimen de prima media,Gerencia de determinación de derechos / Dirección de prestaciones económicas
Proximos A La Pensión,Indemnización Sustitutiva - Vejez,Español,Electrónico,PHP / PDF,De acuerdo a la necesidad,2014-10-06T00:00:00.000,2019-09-16T00:00:00.000,https://www.colpensiones.gov.co/pensiones/Publicaciones/proximos_a_la_pension/Pension/tipos_de_pension_y_otras_prestaciones/indemnizacion_sustitutiva_vejez,Proximos A La Pensión,Vicepresidencia de Operaciones del Regimen de prima media,Gerencia de determinación de derechos / Dirección de prestaciones económicas
Proximos A La Pensión,Indemnización Sustitutiva - Invalidez,Español,Electrónico,PHP / PDF,De acuerdo a la necesidad,2014-10-06T00:00:00.000,2019-09-16T00:00:00.000,https://www.colpensiones.gov.co/pensiones/Publicaciones/proximos_a_la_pension/Pension/tipos_de_pension_y_otras_prestaciones/indemnizacion_sustitutiva_invalidez,Proximos A La Pensión,Vicepresidencia de Operaciones del Regimen de prima media,Gerencia de determinación de derechos / Dirección de prestaciones económicas
Proximos A La Pensión,Indemnización Sustitutiva - Pensión Sobrevivientes,Español,Electrónico,PHP / PDF,De acuerdo a la necesidad,2014-10-06T00:00:00.000,2019-09-16T00:00:00.000,https://www.colpensiones.gov.co/pensiones/Publicaciones/proximos_a_la_pension/Pension/tipos_de_pension_y_otras_prestaciones/indemnizacion_sustitutiva_pension_sobrevivientes,Proximos A La Pensión,Vicepresidencia de Operaciones del Regimen de prima media,Gerencia de determinación de derechos / Dirección de prestaciones económicas
Proximos A La Pensión,Pensión Familiar,Español,Electrónico,PHP / PDF,De acuerdo a la necesidad,2017-03-29T00:00:00.000,2019-09-10T00:00:00.000,https://www.colpensiones.gov.co/pensiones/Publicaciones/proximos_a_la_pension/Pension/tipos_de_pension_y_otras_prestaciones/pension_familiar,Proximos A La Pensión,Vicepresidencia de Operaciones del Regimen de prima media,Gerencia de determinación de derechos / Dirección de prestaciones económicas
Proximos A La Pensión,Pensión Familiar,Español,Electrónico,PHP / PDF,De acuerdo a la necesidad,2018-04-23T00:00:00.000,2019-09-06T00:00:00.000,https://www.colpensiones.gov.co/pensiones/Publicaciones/proximos_a_la_pension/Pension/pension_familiar,Proximos A La Pensión,Vicepresidencia de Operaciones del Regimen de prima media,Gerencia de determinación de derechos / Dirección de prestaciones económicas
Pensionado,Cómo realizar trámites de nómina de pensionado,Español,Electrónico,PHP / PDF,De acuerdo a la necesidad,2013-08-21T00:00:00.000,2016-09-28T00:00:00.000,https://www.colpensiones.gov.co/pensiones/Publicaciones/Pensionados/como_realizar_tramites_de_pensionados,Pensionado,Vicepresidencia de Operaciones del Regimen de prima media,Gerencia de determinación de derechos / Dirección de nómina de pensionados
Pensionado,Reintegro de mesadas pensionales,Español,Electrónico,PHP / PDF,De acuerdo a la necesidad,2016-10-25T00:00:00.000,2016-10-31T00:00:00.000,https://www.colpensiones.gov.co/pensiones/Publicaciones/Pensionados/reintegro_de_mesadas_pensionales,Pensionado,Vicepresidencia de Operaciones del Regimen de prima media,Gerencia de financiamiento e inversiones
Pensionado,Medicina Laboral,Español,Electrónico,PHP / PDF,De acuerdo a la necesidad,2012-02-02T00:00:00.000,2018-04-11T00:00:00.000,https://www.colpensiones.gov.co/pensiones/Publicaciones/Pensionados/medicina_laboral,Pensionado,Vicepresidencia de Operaciones del Regimen de prima media,Gerencia de determinación de derechos / Dirección de nómina de pensionados
Pensionado,Medicina Laboral - Recobro,Español,Electrónico,PHP / PDF,De acuerdo a la necesidad,2018-04-11T00:00:00.000,2018-04-11T00:00:00.000,https://www.colpensiones.gov.co/pensiones/Publicaciones/Pensionados/medicina_laboral_recobro,Pensionado,Vicepresidencia de Operaciones del Regimen de prima media,Gerencia de financiamiento e inversiones / Dirección de cartera
Pensionado,Medicina Laboral – Publicación Revisión Estado de Invalidez,Español,Electrónico,PHP / PDF,De acuerdo a la necesidad,2019-02-04T00:00:00.000,2019-10-15T00:00:00.000,https://www.colpensiones.gov.co/pensiones/Publicaciones/Pensionados/medicina_laboral_publicacion_revision_estado_de_invalidez,Pensionado,Vicepresidencia de Operaciones del Regimen de prima media,Gerencia de determinación de derechos / Dirección de nómina de pensionados
Pensionado,Actos Administrativos,Español,Electrónico,PHP / PDF,De acuerdo a la necesidad,2012-12-27T00:00:00.000,(nosetieneinformaciónsobrelaactualiacióninternadelcontenido),https://www.colpensiones.gov.co/pensiones/Publicaciones/Pensionados/actos_administrativos,Pensionado,Vicepresidencia de Operaciones del Regimen de prima media,Gerencia de determinación de derechos / Dirección de Medicina Laboral
Pensionado,Edictos,Español,Electrónico,PHP / PDF,Mensual,2012-08-24T00:00:00.000,2019-09-04T00:00:00.000,https://www.colpensiones.gov.co/pensiones/Publicaciones/Pensionados/Edictos,Pensionado,Vicepresidencia Comercial y de Servicio al ciudadano,Gerencia de servicio y atencion al ciudadano
Pensionado,Citación a Notificación,Español,Electrónico,PHP / PDF,De acuerdo a la necesidad,2013-12-27T00:00:00.000,2019-05-03T00:00:00.000,https://www.colpensiones.gov.co/pensiones/Publicaciones/Pensionados/citacion_a_notificacion,Pensionado,Vicepresidencia Comercial y de Servicio al ciudadano,Gerencia de servicio y atencion al ciudadano / Dirección de atención y servicio
Pensionado,Notificaciones por Aviso,Español,Electrónico,PHP / PDF,De acuerdo a la necesidad,2015-01-07T00:00:00.000,2019-10-18T00:00:00.000,https://www.colpensiones.gov.co/pensiones/Publicaciones/Pensionados/notificaciones_por_aviso,Pensionado,Vicepresidencia Comercial y de Servicio al ciudadano,Gerencia de servicio y atencion al ciudadano / Dirección de atención y servicio
Pensionado,Aviso redistribución pensión de sobrevivientes,Español,Electrónico,PHP / PDF,De acuerdo a la necesidad,2018-04-02T00:00:00.000,2019-10-22T00:00:00.000,https://www.colpensiones.gov.co/pensiones/Publicaciones/Pensionados/aviso_redistribucion_pension_de_sobrevivientes,Pensionado,Vicepresidencia de Operaciones del Regimen de prima media,Gerencia de determinación de derechos / Dirección de prestaciones económicas
Segmento Beps,¿Qué son los BEPS?,Español,Electrónico,PHP / PDF,De acuerdo a la necesidad,2014-04-01T00:00:00.000,2017-10-03T00:00:00.000,https://www.colpensiones.gov.co/beps/Publicaciones/el_programa/informate_sobre_beps/que_son_los_beps_beneficios_economicos_periodicos,Segmento Beps,Vicepresidencia de beneficios economicos periodicos,Gerencia de Redes e Incentivos
Segmento Beps,¿Quiénes pueden vincularse al Programa BEPS?,Español,Electrónico,PHP,De acuerdo a la necesidad,2014-04-01T00:00:00.000,2017-04-11T00:00:00.000,https://www.colpensiones.gov.co/beps/Publicaciones/el_programa/informate_sobre_beps/quienes_pueden_vincularse_al_programa_beps,Segmento Beps,Vicepresidencia de beneficios economicos periodicos,Gerencia de Redes e Incentivos
Segmento Beps,Afiliados a Colpensiones,Español,Electrónico,PHP / PDF,De acuerdo a la necesidad,2014-04-01T00:00:00.000,2015-05-28T00:00:00.000,https://www.colpensiones.gov.co/beps/Publicaciones/el_programa/informate_sobre_beps/afiliados_a_colpensiones,Segmento Beps,Vicepresidencia de beneficios economicos periodicos,Gerencia de Redes e Incentivos
Segmento Beps,Afiliados a un Fondo Privado de Pensiones,Español,Electrónico,PHP / PDF,De acuerdo a la necesidad,2014-04-01T00:00:00.000,2015-05-28T00:00:00.000,https://www.colpensiones.gov.co/beps/Publicaciones/el_programa/informate_sobre_beps/afiliados_a_un_fondo_privado_de_pensiones,Segmento Beps,Vicepresidencia de Operaciones del Regimen de prima media,Gerencia de administración de la información / Dirección de afiliaciones
Segmento Beps,Información traslado PSAP a BEPS,Español,Electrónico,PHP / PDF,De acuerdo a la necesidad,2018-08-24T00:00:00.000,2019-02-11T00:00:00.000,https://www.colpensiones.gov.co/beps/Publicaciones/informacion_traslado_psap_a_beps,Segmento Beps,Vicepresidencia de Operaciones del Regimen de prima media,Gerencia de administración de la información / Dirección de afiliaciones
Segmento Beps,¿Cómo vincularse a BEPS?,Español,Electrónico,PHP / PDF,De acuerdo a la necesidad,2014-04-01T00:00:00.000,2018-04-06T00:00:00.000,https://www.colpensiones.gov.co/beps/Publicaciones/como_vincularse_a_beps,Segmento Beps,Vicepresidencia de Operaciones del Regimen de prima media,Gerencia de administración de la información / Dirección de afiliaciones
Segmento Beps,Puntos BEPS,Español,Electrónico,PHP / PDF,De acuerdo a la necesidad,2014-04-01T00:00:00.000,2019-10-25T00:00:00.000,https://www.colpensiones.gov.co/beps/Publicaciones/puntos_beps,Segmento Beps,Vicepresidencia Comercial y de Servicio al ciudadano,Gerencia de servicio y atencion al ciudadano / Dirección de atención y servicio
Segmento Beps,Formularios BEPS,Español,Electrónico,PHP,De acuerdo a la necesidad,2014-04-01T00:00:00.000,2019-04-08T00:00:00.000,https://www.colpensiones.gov.co/beps/Documentos/Formularios,Segmento Beps,Vicepresidencia Comercial y de Servicio al ciudadano,Gerencia de servicio y atencion al ciudadano / Dirección de atención y servicio
Segmento Beps,Certificado y saldo BEPS,Español,Electrónico / Físico,PHP / PDF,De acuerdo a la necesidad,2015-06-17T00:00:00.000,2019-03-15T00:00:00.000,https://www.colpensiones.gov.co/beps/Publicaciones/certificado_y_saldo_beps,Segmento Beps,Vicepresidencia de beneficios economicos periodicos,Gerencia de Redes e Incentivos
Segmento Beps,Quiero ser parte de BEPS,Español,Electrónico,PHP / PDF,De acuerdo a la necesidad,2014-04-01T00:00:00.000,2019-06-07T00:00:00.000,https://www.colpensiones.gov.co/beps/Publicaciones/el_programa/vinculate_a_beps/quiero_ser_parte_de_beps,Segmento Beps,Vicepresidencia de beneficios economicos periodicos,Gerencia de Redes e Incentivo
Segmento Beps,Certificado de Vinculación y No vinculación BEPS,Español,Electrónico,PHP,De acuerdo a la necesidad,2019-01-22T00:00:00.000,2019-01-22T00:00:00.000,https://www.colpensiones.gov.co/beps/Publicaciones/certificado_de_vinculacion_y_no_vinculacion_beps,Segmento Beps,Vicepresidencia de beneficios economicos periodicos,Gerencia de Redes e Incentivos
Como ahorrar,¿Cómo realizar su ahorro en BEPS?,Español,Electrónico,PHP / PDF,De acuerdo a la necesidad,2014-04-01T00:00:00.000,2019-02-27T00:00:00.000,https://www.colpensiones.gov.co/beps/Publicaciones/como_ahorrar/Ahorros/como_realizar_su_ahorro_en_beps,Como ahorrar,Vicepresidencia de beneficios economicos periodicos,Gerencia de Redes e Incentivo
Como ahorrar,¿Cuál es el valor del aporte?,Español,Electrónico,PHP / PDF,De acuerdo a la necesidad,2014-04-01T00:00:00.000,2019-01-14T00:00:00.000,https://www.colpensiones.gov.co/beps/Publicaciones/como_ahorrar/Ahorros/cual_es_el_valor_del_aporte,Como ahorrar,Vicepresidencia de beneficios economicos periodicos,Gerencia de Redes e Incentivo
Como ahorrar,Red de Recaudo BEPS,Español,Electrónico,PHP / PDF,De acuerdo a la necesidad,2015-04-10T00:00:00.000,2019-10-16T00:00:00.000,https://www.colpensiones.gov.co/beps/Publicaciones/como_ahorrar/Ahorros/red_de_recaudo_beps,Como ahorrar,Vicepresidencia de beneficios economicos periodicos,Gerencia de Redes e Incentivo
Como ahorrar,Destinación de mis ahorros,Español,Electrónico,PHP / PDF,De acuerdo a la necesidad,2014-04-01T00:00:00.000,2019-09-13T00:00:00.000,https://www.colpensiones.gov.co/beps/Publicaciones/como_ahorrar/Ahorros/destinacion_de_mis_ahorros,Como ahorrar,Vicepresidencia de beneficios economicos periodicos,Gerencia de Redes e Incentivo
Como ahorrar,Recaudo en línea,Español,Electrónico,PHP / PDF,De acuerdo a la necesidad,2015-05-15T00:00:00.000,2017-05-03T00:00:00.000,https://www.colpensiones.gov.co/beps/Publicaciones/recaudo_en_linea,Como ahorrar,Vicepresidencia de beneficios economicos periodicos,Gerencia de Redes e Incentivo
Incentivos Y Beneficios,¿Qué es un Incentivo?,Español,Electrónico,PHP / PDF,De acuerdo a la necesidad,2014-04-01T00:00:00.000,2019-01-21T00:00:00.000,https://www.colpensiones.gov.co/beps/Publicaciones/como_ahorrar/incentivos_y_beneficios/que_es_un_incentivo,Incentivos Y Beneficios,Vicepresidencia de beneficios economicos periodicos,Gerencia de Redes e Incentivos
Incentivos Y Beneficios,¿Qué es Monotributo?,Español,Electrónico,PHP / PDF,De acuerdo a la necesidad,2017-09-08T00:00:00.000,2017-09-08T00:00:00.000,https://www.colpensiones.gov.co/beps/Publicaciones/como_ahorrar/incentivos_y_beneficios/que_es_monotributo,Incentivos Y Beneficios,Vicepresidencia de beneficios economicos periodicos,Gerencia de Redes e Incentivos
Incentivos Y Beneficios,Transferencia de ahorros por fallecimiento,Español,Electrónico,PHP,De acuerdo a la necesidad,2016-02-19T00:00:00.000,2019-09-10T00:00:00.000,https://www.colpensiones.gov.co/beps/Publicaciones/como_ahorrar/incentivos_y_beneficios/transferencia_de_ahorros_por_fallecimiento,Incentivos Y Beneficios,Vicepresidencia de beneficios economicos periodicos,Gerencia de Redes e Incentivos
Incentivos Y Beneficios,Calculadora BEPS,Español,Electrónico,PHP / PDF,De acuerdo a la necesidad,2017-04-05T00:00:00.000,2019-03-05T00:00:00.000,https://www.colpensiones.gov.co/beps/loader.php?lServicio=Se&lFuncion=iniciarTramite&id=53,Incentivos Y Beneficios,Vicepresidencia de beneficios economicos periodicos,Gerencia de Redes e Incentivo
Incentivos Y Beneficios,Sorteos BEPS 2019,Español,Electrónico,PHP,De acuerdo a la necesidad,2019-04-08T00:00:00.000,2019-04-09T00:00:00.000,https://www.colpensiones.gov.co/beps/Publicaciones/sorteos_beps_2019,Incentivos Y Beneficios,Vicepresidencia de beneficios economicos periodicos,Gerencia de Redes e Incentivos
Atención Al Ciudadano,Líneas de Atención Telefónica,Español,Electrónico,PHP / PDF,De acuerdo a la necesidad,2014-04-01T00:00:00.000,2019-04-03T00:00:00.000,https://www.colpensiones.gov.co/beps/Publicaciones/lineas_de_atencion_telefonica_beps,Atención Al Ciudadano,Vicepresidencia Comercial y de Servicio al ciudadano,Gerencia de servicio y atencion al ciudadano / Dirección de atención y servicio
Atención Al Ciudadano,Preguntas Frecuentes BEPS,Español,Electrónico,PHP / PDF,De acuerdo a la necesidad,2014-04-01T00:00:00.000,2019-09-04T00:00:00.000,https://www.colpensiones.gov.co/beps/FAQ,Atención Al Ciudadano,Vicepresidencia de beneficios economicos periodicos,Gerencia de Redes e Incentivo
Atención Al Ciudadano,Glosario,Español,Electrónico,PHP / PDF,De acuerdo a la necesidad,2014-04-01T00:00:00.000,2017-04-04T00:00:00.000,https://www.colpensiones.gov.co/beps/glosario.php,Atención Al Ciudadano,Vicepresidencia de beneficios economicos periodicos,Gerencia de Redes e Incentivo
Atención Al Ciudadano,"Peticiones, Quejas, Reclamos y Sujerencias",Español,Electrónico,PHP / PDF,De acuerdo a la necesidad,2014-04-01T00:00:00.000,2017-02-02T00:00:00.000,https://www.colpensiones.gov.co/beps/Publicaciones/formulario_pqrs_beps,Atención Al Ciudadano,Vicepresidencia Comercial y de Servicio al ciudadano,Gerencia de servicio y atencion al ciudadano / Dirección de administración de solicitudes y PQRS
Atención Al Ciudadano,Videos BEPS,Español,Electrónico,PHP / PDF,De acuerdo a la necesidad,2014-04-01T00:00:00.000,2018-06-27T00:00:00.000,https://www.colpensiones.gov.co/beps/Publicaciones/videos_beps,Atención Al Ciudadano,Oficina de Relacionamiento y comunicaciones,Oficina de Relacionamiento y comunicaciones
Atención Al Ciudadano,Calendario de eventos,Español,Electrónico,PHP / PDF,De acuerdo a la necesidad,2014-04-01T00:00:00.000,2019-10-07T00:00:00.000,https://www.colpensiones.gov.co/beps/loader.php?lServicio=Calendario,Atención Al Ciudadano,Oficina de Relacionamiento y comunicaciones,Oficina de Relacionamiento y comunicaciones
Segmento Bienestar Y Educación,Cómo funciona el sistema pensional Colombiano,Español,Electrónico,PHP,De acuerdo a la necesidad,2015-11-17T00:00:00.000,2018-12-14T00:00:00.000,https://www.colpensiones.gov.co/venportufuturo/Publicaciones/aprende_sobre_pensiones/como_funciona_el_sistema_pensional_colombiano,Segmento Bienestar Y Educación,Vicepresidencia comercial y de servicio al ciudadano,Gerencia Comercial / Dirección de Mercadeo
Segmento Bienestar Y Educación,¿Qué es una pensión?,Español,Electrónico,PHP,De acuerdo a la necesidad,2015-11-17T00:00:00.000,2019-01-24T00:00:00.000,https://www.colpensiones.gov.co/venportufuturo/Publicaciones/aprende_sobre_pensiones/que_es_una_pension,Segmento Bienestar Y Educación,Vicepresidencia comercial y de servicio al ciudadano,Gerencia Comercial / Dirección de Mercadeo
Segmento Bienestar Y Educación,El Abecé de la pensión,Español,Electrónico,PHP,De acuerdo a la necesidad,2015-11-17T00:00:00.000,2019-02-12T00:00:00.000,https://www.colpensiones.gov.co/venportufuturo/Publicaciones/el_abece_de_la_pension,Segmento Bienestar Y Educación,Vicepresidencia comercial y de servicio al ciudadano,Gerencia Comercial / Dirección de Mercadeo
Segmento Bienestar Y Educación,Rompe con los mitos de la pensión,Español,Electrónico,PHP,De acuerdo a la necesidad,2015-11-17T00:00:00.000,2019-02-12T00:00:00.000,https://www.colpensiones.gov.co/venportufuturo/Publicaciones/aprende_sobre_pensiones/despeja_tus_dudas/rompe_con_los_mitos_de_la_pension,Segmento Bienestar Y Educación,Vicepresidencia comercial y de servicio al ciudadano,Gerencia Comercial / Dirección de Mercadeo
Segmento Bienestar Y Educación,La importancia de la pensión,Español,Electrónico,PHP,De acuerdo a la necesidad,2019-02-12T00:00:00.000,2019-02-12T00:00:00.000,https://www.colpensiones.gov.co/venportufuturo/Publicaciones/la_importancia_de_la_pension,Segmento Bienestar Y Educación,Vicepresidencia comercial y de servicio al ciudadano,Gerencia Comercial / Dirección de Mercadeo
Segmento Bienestar Y Educación,Tipos de Pensiones,Español,Electrónico,PHP,De acuerdo a la necesidad,2015-11-17T00:00:00.000,2018-12-14T00:00:00.000,https://www.colpensiones.gov.co/venportufuturo/Publicaciones/aprende_sobre_pensiones/tipos_de_pension,Segmento Bienestar Y Educación,Vicepresidencia comercial y de servicio al ciudadano,Gerencia Comercial / Dirección de Mercadeo
Segmento Bienestar Y Educación,Cómo aportar a pensión,Español,Electrónico,PHP,De acuerdo a la necesidad,2015-11-17T00:00:00.000,2018-12-14T00:00:00.000,https://www.colpensiones.gov.co/venportufuturo/Publicaciones/aprende_sobre_pensiones/como_aportar_a_pension,Segmento Bienestar Y Educación,Vicepresidencia comercial y de servicio al ciudadano,Gerencia Comercial / Dirección de Mercadeo
Segmento Bienestar Y Educación,¿Qué es la Historia Laboral?,Español,Electrónico,PHP,De acuerdo a la necesidad,2015-11-17T00:00:00.000,2019-02-13T00:00:00.000,https://www.colpensiones.gov.co/venportufuturo/Publicaciones/aprende_sobre_pensiones/que_es_la_historia_laboral,Segmento Bienestar Y Educación,Vicepresidencia comercial y de servicio al ciudadano,Gerencia Comercial / Dirección de Mercadeo
Segmento Bienestar Y Educación,¿Cómo consultar y descargar la Historia Laboral?,Español,Electrónico,PHP,De acuerdo a la necesidad,2015-11-17T00:00:00.000,2018-12-14T00:00:00.000,https://www.colpensiones.gov.co/venportufuturo/Publicaciones/como_consultar_y_descargar_la_historia_laboral,Segmento Bienestar Y Educación,Vicepresidencia comercial y de servicio al ciudadano,Gerencia Comercial / Dirección de Mercadeo
Segmento Bienestar Y Educación,Cómo identificar insconsistencias en la Historia Laboral,Español,Electrónico,PHP,De acuerdo a la necesidad,2019-02-13T00:00:00.000,2019-02-13T00:00:00.000,https://www.colpensiones.gov.co/venportufuturo/Publicaciones/como_identificar_insconsistencias_en_la_historia_laboral,Segmento Bienestar Y Educación,Vicepresidencia comercial y de servicio al ciudadano,Gerencia Comercial / Dirección de Mercadeo
Segmento Bienestar Y Educación,Calcula el valor de tu pensión,Español,Electrónico,PHP,De acuerdo a la necesidad,2015-11-17T00:00:00.000,2017-05-09T00:00:00.000,https://www.colpensiones.gov.co/venportufuturo/Publicaciones/aprende_sobre_pensiones/hazlo_realidad/calcula_el_valor_de_tu_pension,Segmento Bienestar Y Educación,Vicepresidencia comercial y de servicio al ciudadano,Gerencia Comercial / Dirección de Mercadeo
Segmento Bienestar Y Educación,Cómo trasladarse de régimen pensional,Español,Electrónico,PHP,De acuerdo a la necesidad,2016-10-04T00:00:00.000,2018-12-14T00:00:00.000,https://www.colpensiones.gov.co/venportufuturo/Publicaciones/aprende_sobre_pensiones/como_trasladarse_de_regimen_pensional,Segmento Bienestar Y Educación,Vicepresidencia comercial y de servicio al ciudadano,Gerencia Comercial / Dirección de Mercadeo
Segmento Bienestar Y Educación,¿Qué es la doble Asesoria?,Español,Electrónico,PHP,De acuerdo a la necesidad,2016-05-04T00:00:00.000,2019-02-13T00:00:00.000,https://www.colpensiones.gov.co/venportufuturo/Publicaciones/aprende_sobre_pensiones/que_es_la_doble_asesoria,Segmento Bienestar Y Educación,Vicepresidencia comercial y de servicio al ciudadano,Gerencia Comercial / Dirección de Mercadeo
Segmento Bienestar Y Educación,Alternativas para quienes no logran la pensión,Español,Electrónico,PHP,De acuerdo a la necesidad,2018-07-09T00:00:00.000,2018-12-14T00:00:00.000,https://www.colpensiones.gov.co/venportufuturo/Publicaciones/aprende_sobre_pensiones/alternativas_para_quienes_no_logran_la_pension,Segmento Bienestar Y Educación,Vicepresidencia comercial y de servicio al ciudadano,Gerencia Comercial / Dirección de Mercadeo
Segmento Bienestar Y Educación,Pensión Familiar,Español,Electrónico,PHP,De acuerdo a la necesidad,2018-12-14T00:00:00.000,2018-12-14T00:00:00.000,https://www.colpensiones.gov.co/venportufuturo/Publicaciones/aprende_sobre_pensiones/alternativas_para_quienes_no_logran_la_pension,Segmento Bienestar Y Educación,Vicepresidencia comercial y de servicio al ciudadano,Gerencia Comercial / Dirección de Mercadeo
Segmento Bienestar Y Educación,Conoce BEPS el plan b de ahorro para la vejez,Español,Electrónico,PHP,De acuerdo a la necesidad,2019-02-13T00:00:00.000,2019-02-13T00:00:00.000,https://www.colpensiones.gov.co/venportufuturo/Publicaciones/conoce_beps_el_plan_b_de_ahorro_para_la_vejez,Segmento Bienestar Y Educación,Vicepresidencia comercial y de servicio al ciudadano,Gerencia Comercial / Dirección de Mercadeo
Segmento Bienestar Y Educación,¿Cómo ahorrar en BEPS?,Español,Electrónico,PHP,De acuerdo a la necesidad,2018-12-14T00:00:00.000,2018-12-14T00:00:00.000,https://www.colpensiones.gov.co/venportufuturo/Publicaciones/alternativas_de_ahorro/como_ahorrar_en_beps,Segmento Bienestar Y Educación,Vicepresidencia comercial y de servicio al ciudadano,Gerencia Comercial / Dirección de Mercadeo
Segmento Bienestar Y Educación,Donde Ahorrar en BEPS,Español,Electrónico,PHP,De acuerdo a la necesidad,2018-12-14T00:00:00.000,2018-12-14T00:00:00.000,https://www.colpensiones.gov.co/venportufuturo/Publicaciones/donde_ahorrar_en_beps,Segmento Bienestar Y Educación,Vicepresidencia comercial y de servicio al ciudadano,Gerencia Comercial / Dirección de Mercadeo
Educación,Beneficios para pensionados,Español,Electrónico,PHP,De acuerdo a la necesidad,2018-11-08T00:00:00.000,2019-09-04T00:00:00.000,https://www.colpensiones.gov.co/venportufuturo/Publicaciones/beneficios_para_pensionados,Educación,Vicepresidencia comercial y de servicio al ciudadano,Gerencia Comercial / Dirección de Mercadeo
Educación,Derechos y deberes del adulto mayor,Español,Electrónico,PHP,De acuerdo a la necesidad,2018-12-04T00:00:00.000,2018-12-04T00:00:00.000,https://www.colpensiones.gov.co/venportufuturo/Publicaciones/derechos_y_deberes_del_adulto_mayor,Educación,Vicepresidencia comercial y de servicio al ciudadano,Gerencia Comercial / Dirección de Mercadeo
Educación,Derechos y deberes del pensionado como consumidor financiero,Español,Electrónico,PHP,De acuerdo a la necesidad,2018-12-04T00:00:00.000,2018-12-04T00:00:00.000,https://www.colpensiones.gov.co/venportufuturo/Publicaciones/derechos_y_deberes_del_pensionado_como_consumidor_financiero,Educación,Vicepresidencia comercial y de servicio al ciudadano,Gerencia Comercial / Dirección de Mercadeo
Yo soy,Niños,Español,Electrónico,PHP,De acuerdo a la necesidad,2018-12-04T00:00:00.000,2018-12-04T00:00:00.000,https://www.colpensiones.gov.co/venportufuturo/Publicaciones/Ninos/cartillas_para_ninos,Yo soy,Vicepresidencia comercial y de servicio al ciudadano,Gerencia Comercial / Dirección de Mercadeo
Yo soy,Cartillas para niño,Español,Electrónico,PHP / PDF,De acuerdo a la necesidad,2018-12-06T00:00:00.000,2018-12-06T00:00:00.000,https://www.colpensiones.gov.co/venportufuturo/Publicaciones/Ninos/cartillas_para_ninos,Yo soy,Vicepresidencia comercial y de servicio al ciudadano,Gerencia Comercial / Dirección de Mercadeo
Yo soy,Juego de ahorro,Español,Electrónico,PHP,De acuerdo a la necesidad,2018-12-06T00:00:00.000,2018-12-06T00:00:00.000,https://www.colpensiones.gov.co/venportufuturo/Publicaciones/Ninos/juego_de_ahorro,Yo soy,Vicepresidencia comercial y de servicio al ciudadano,Gerencia Comercial / Dirección de Mercadeo
Yo soy,Juego Gastar,Español,Electrónico,PHP,De acuerdo a la necesidad,2018-12-06T00:00:00.000,2018-12-06T00:00:00.000,https://www.colpensiones.gov.co/venportufuturo/Publicaciones/Ninos/juego_gastar,Yo soy,Vicepresidencia comercial y de servicio al ciudadano,Gerencia Comercial / Dirección de Mercadeo
Yo soy,Juego de Obstaculos,Español,Electrónico,PHP,De acuerdo a la necesidad,2018-12-04T00:00:00.000,2018-12-04T00:00:00.000,https://www.colpensiones.gov.co/venportufuturo/Publicaciones/Ninos/juego_de_obstaculos,Yo soy,Vicepresidencia comercial y de servicio al ciudadano,Gerencia Comercial / Dirección de Mercadeo
Yo soy,Juego Compartir,Español,Electrónico,PHP,De acuerdo a la necesidad,2018-12-04T00:00:00.000,2018-12-04T00:00:00.000,https://www.colpensiones.gov.co/venportufuturo/Publicaciones/Ninos/juego_compartir,Yo soy,Vicepresidencia comercial y de servicio al ciudadano,Gerencia Comercial / Dirección de Mercadeo
Yo soy,Jovenes,Español,Electrónico,PHP / PDF,De acuerdo a la necesidad,2018-12-04T00:00:00.000,2018-12-11T00:00:00.000,https://www.colpensiones.gov.co/venportufuturo/Publicaciones/Jovenes,Yo soy,Vicepresidencia comercial y de servicio al ciudadano,Gerencia Comercial / Dirección de Mercadeo
Yo soy,Juego Millonario,Español,Electrónico,PHP,De acuerdo a la necesidad,2018-12-04T00:00:00.000,2018-12-04T00:00:00.000,https://www.colpensiones.gov.co/venportufuturo/Publicaciones/Jovenes/juego_millonario,Yo soy,Vicepresidencia comercial y de servicio al ciudadano,Gerencia Comercial / Dirección de Mercadeo
Yo soy,Juego Futbol,Español,Electrónico,PHP,De acuerdo a la necesidad,04/12/2018,04/12/2018,https://www.colpensiones.gov.co/venportufuturo/Publicaciones/Jovenes/juego_futbol,Yo soy,Vicepresidencia comercial y de servicio al ciudadano,Gerencia Comercial / Dirección de Mercadeo
Yo soy,Juego Escalar,Español,Electrónico,PHP,De acuerdo a la necesidad,2018-12-04T00:00:00.000,2018-12-04T00:00:00.000,https://www.colpensiones.gov.co/venportufuturo/Publicaciones/Jovenes/juego_escalar,Yo soy,Vicepresidencia comercial y de servicio al ciudadano,Gerencia Comercial / Dirección de Mercadeo
Yo soy,Curso virtual - Sembrando futuro,Español,Electrónico,PHP,De acuerdo a la necesidad,2018-07-13T00:00:00.000,2018-10-05T00:00:00.000,https://www.colpensiones.gov.co/venportufuturo/Formularios/curso_virtual_sembrando_futuro,Yo soy,Vicepresidencia comercial y de servicio al ciudadano,Gerencia Comercial / Dirección de Mercadeo
Yo soy,Adultos,Español,Electrónico,PHP / PDF,De acuerdo a la necesidad,2018-12-04T00:00:00.000,2018-12-06T00:00:00.000,https://www.colpensiones.gov.co/venportufuturo/Publicaciones/Adultos,Yo soy,Vicepresidencia comercial y de servicio al ciudadano,Gerencia Comercial / Dirección de Mercadeo
Yo soy,Curso virtual de pensiones en Colombia,Español,Electrónico,PHP,De acuerdo a la necesidad,2018-08-29T00:00:00.000,2018-10-03T00:00:00.000,https://www.colpensiones.gov.co/venportufuturo/Publicaciones/Jovenes/juego_escalar,Yo soy,Vicepresidencia comercial y de servicio al ciudadano,Gerencia Comercial / Dirección de Mercadeo
Yo soy,Pre-pensionados,Español,Electrónico,PHP / PDF,De acuerdo a la necesidad,2018-12-04T00:00:00.000,2019-02-05T00:00:00.000,https://www.colpensiones.gov.co/venportufuturo/Publicaciones/Prepensionados,Yo soy,Vicepresidencia comercial y de servicio al ciudadano,Gerencia Comercial / Dirección de Mercadeo
Yo soy,Boletín del Prepensionado,Español,Electrónico,PHP / PDF,De acuerdo a la necesidad,2015-11-17T00:00:00.000,2018-12-26T00:00:00.000,https://www.colpensiones.gov.co/venportufuturo/Publicaciones/preparate_para_una_nueva_etapa/boletin_del_prepensionado,Yo soy,Vicepresidencia comercial y de servicio al ciudadano,Gerencia Comercial / Dirección de Mercadeo
Yo soy,Curso virtual prepensionados,Español,Electrónico,PHP,De acuerdo a la necesidad,2015-11-17T00:00:00.000,2018-10-05T00:00:00.000,https://www.colpensiones.gov.co/venportufuturo/Formularios/inscripcion_prepensionado,Yo soy,Vicepresidencia comercial y de servicio al ciudadano,Gerencia Comercial / Dirección de Mercadeo
Yo soy,Taller próximos a la pensión,Español,Electrónico,PHP,De acuerdo a la necesidad,2016-10-25T00:00:00.000,2018-11-27T00:00:00.000,https://www.colpensiones.gov.co/venportufuturo/Publicaciones/Jovenes/juego_escalar,Yo soy,Vicepresidencia comercial y de servicio al ciudadano,Gerencia Comercial / Dirección de Mercadeo
Yo soy,Persona Mayor,Español,Electrónico,PHP / PDF,De acuerdo a la necesidad,2018-12-04T00:00:00.000,2019-09-25T00:00:00.000,https://www.colpensiones.gov.co/venportufuturo/Publicaciones/adulto_mayor,Yo soy,Vicepresidencia comercial y de servicio al ciudadano,Gerencia Comercial / Dirección de Mercadeo
Yo soy,Boletín del Pensionado,Español,Electrónico,PHP / PDF,De acuerdo a la necesidad,2018-09-14T00:00:00.000,2019-07-09T00:00:00.000,https://www.colpensiones.gov.co/venportufuturo/Publicaciones/adulto_mayor/boletin_del_pensionado,Yo soy,Vicepresidencia comercial y de servicio al ciudadano,Gerencia Comercial / Dirección de Mercadeo
Yo soy,Tips para disfrutar de tu vida como pensionado,Español,Electrónico,PHP,De acuerdo a la necesidad,2018-11-27T00:00:00.000,2018-12-04T00:00:00.000,https://www.colpensiones.gov.co/venportufuturo/Publicaciones/adulto_mayor/tips_para_disfrutar_de_tu_vida_como_pensionado,Yo soy,Vicepresidencia comercial y de servicio al ciudadano,Gerencia Comercial / Dirección de Mercadeo
Segmento Empleadores,Acceda al Portal del Aportante,Español,Electrónico,PHP / PDF,De acuerdo a la necesidad,2017-03-10T00:00:00.000,2019-08-30T00:00:00.000,https://www.colpensiones.gov.co/empleador/Publicaciones/Aportes/acceda_al_portal_del_aportante,Segmento Empleadores,Vicepresidencia de Operaciones del Regimen de prima media,Gerencia de financiamiento e inversiones
Segmento Empleadores,Normalización de deudas,Español,Electrónico,PHP / PDF,De acuerdo a la necesidad,2015-11-09T00:00:00.000,2018-06-01T00:00:00.000,https://www.colpensiones.gov.co/empleador/Publicaciones/Aportes/normalizacion_de_deudas,Segmento Empleadores,Vicepresidencia de Operaciones del Regimen de prima media,Gerencia de financiamiento e inversiones / Dirección de ingresos por aportes
Segmento Empleadores,Notificaciones de cartera,Español,Electrónico,PHP / PDF,De acuerdo a la necesidad,2014-11-13T00:00:00.000,2019-10-21T00:00:00.000,https://www.colpensiones.gov.co/empleador/Publicaciones/Aportes/notificaciones_de_cartera,Segmento Empleadores,Vicepresidencia de Operaciones del Regimen de prima media,Gerencia de financiamiento e inversiones / Dirección de cartera
Segmento Empleadores,Cálculo Actuarial empleador privado,Español,Electrónico,PHP / PDF,De acuerdo a la necesidad,2013-06-07T00:00:00.000,2019-01-10T00:00:00.000,https://www.colpensiones.gov.co/empleador/Publicaciones/Aportes/calculo_actuarial_empleador_privado,Segmento Empleadores,Vicepresidencia de Operaciones del Regimen de prima media,Gerencia de financiamiento e inversiones / Dirección de ingresos por aportes
Segmento Empleadores,Cartilla única de liquidación de aportes PILA,Español,Electrónico,PHP / PDF,De acuerdo a la necesidad,2013-10-08T00:00:00.000,2019-05-13T00:00:00.000,https://www.colpensiones.gov.co/empleador/Publicaciones/Aportes/cartilla_unica_de_liquidacion_de_aportes_pila,Segmento Empleadores,Vicepresidencia de Operaciones del Regimen de prima media,Gerencia de financiamiento e inversiones / Dirección de ingresos por aportes
Segmento Empleadores,Títulos Pensionales,Español,Electrónico,PHP / PDF,De acuerdo a la necesidad,2013-08-14T00:00:00.000,2017-12-06T00:00:00.000,https://www.colpensiones.gov.co/empleador/Publicaciones/Aportes/titulos_pensionales,Segmento Empleadores,Vicepresidencia de Operaciones del Regimen de prima media,Gerencia de financiamiento e inversiones / Dirección de ingresos por aportes
Segmento Empleadores,Liquidación financiera por sentencia,Español,Electrónico,PHP / PDF,De acuerdo a la necesidad,2013-06-07T00:00:00.000,2017-12-06T00:00:00.000,https://www.colpensiones.gov.co/empleador/Publicaciones/Aportes/liquidacion_financiera_por_sentencia,Segmento Empleadores,Vicepresidencia de Operaciones del Regimen de prima media,Gerencia de financiamiento e inversiones / Dirección de ingresos por aportes
Segmento Empleadores,Preguntas frecuentes cotizantes independientes,Español,Electrónico,PHP / PDF,De acuerdo a la necesidad,2018-07-18T00:00:00.000,2018-09-20T00:00:00.000,https://www.colpensiones.gov.co/empleador/Publicaciones/Aportes/preguntas_frecuentes_cotizantes_independientes,Segmento Empleadores,Vicepresidencia de Operaciones del Regimen de prima media,Gerencia de financiamiento e inversiones / Dirección de ingresos por aportes
Contribuciones,¿Qué son las contribuciones pensionales?,Español,Electrónico,PHP / PDF,De acuerdo a la necesidad,2012-02-27T00:00:00.000,2017-12-06T00:00:00.000,https://www.colpensiones.gov.co/empleador/Publicaciones/Contribuciones/que_son_las_contribuciones_pensionales,Contribuciones,Vicepresidencia de Operaciones del Regimen de prima media,Gerencia de financiamiento e inversiones / Dirección de cartera
Contribuciones,Bonos Pensionales tipo B y T,Español,Electrónico,PHP / PDF,De acuerdo a la necesidad,2013-06-07T00:00:00.000,2017-12-05T00:00:00.000,https://www.colpensiones.gov.co/empleador/Publicaciones/Contribuciones/bonos_pensionales_tipo_b_y_t,Contribuciones,Vicepresidencia de Operaciones del Regimen de prima media,Gerencia de financiamiento e inversiones / Dirección de ingresos por aportes
Contribuciones,Cobro y pago de cuotas partes pensionales,Español,Electrónico,PHP / PDF,De acuerdo a la necesidad,2013-06-07T00:00:00.000,2018-02-27T00:00:00.000,https://www.colpensiones.gov.co/empleador/Publicaciones/Contribuciones/cobro_y_pago_de_cuotas_partes_pensionales,Contribuciones,Vicepresidencia de Operaciones del Regimen de prima media,Gerencia de financiamiento e inversiones / Dirección de Contribuciones Pensionales y Egresos
Contribuciones,Devolución de aportes en virtud de la Ley 549 de 1999,Español,Electrónico,PHP / PDF,De acuerdo a la necesidad,2013-06-07T00:00:00.000,2019-05-08T00:00:00.000,https://www.colpensiones.gov.co/empleador/Publicaciones/Contribuciones/devolucion_de_aportes_en_virtud_de_la_ley_549_de_1999,Contribuciones,Vicepresidencia de Operaciones del Regimen de prima media,Gerencia de financiamiento e inversiones / Dirección de Contribuciones Pensionales y Egresos
Contribuciones,Cálculo Actuarial empleador público,Español,Electrónico,PHP / PDF,De acuerdo a la necesidad,2013-06-07T00:00:00.000,2017-12-06T00:00:00.000,https://www.colpensiones.gov.co/empleador/Publicaciones/Contribuciones/calculo_actuarial_empleador_publico,Contribuciones,Vicepresidencia de Operaciones del Regimen de prima media,Gerencia de financiamiento e inversiones / Dirección de contribuciones pensionales y Egresos
Trámites Para El Empleador,Devolución de aportes,Español,Electrónico,PHP / PDF,De acuerdo a la necesidad,2016-01-22T00:00:00.000,2019-05-08T00:00:00.000,https://www.colpensiones.gov.co/empleador/Publicaciones/tramites_para_el_empleador/devolucion_de_aportes,Trámites Para El Empleador,Vicepresidencia de Operaciones del Regimen de prima media,Gerencia de financiamiento e inversiones / Dirección de Contribuciones Pensionales y Egresos
Trámites Para El Empleador,Exonerado,Español,Electrónico,PHP / PDF,De acuerdo a la necesidad,2016-01-22T00:00:00.000,2017-12-06T00:00:00.000,https://www.colpensiones.gov.co/empleador/Publicaciones/tramites_para_el_empleador/devolucion_de_aportes/devolucion_de_aportes_a_terceros_exonerado,Trámites Para El Empleador,Vicepresidencia de Operaciones del Regimen de prima media,Gerencia de financiamiento e inversiones / Dirección de contribuciones pensionales y Egresos
Trámites Para El Empleador,Pagos dobles,Español,Electrónico,PHP / PDF,De acuerdo a la necesidad,2016-01-22T00:00:00.000,2019-05-08T00:00:00.000,https://www.colpensiones.gov.co/empleador/Publicaciones/tramites_para_el_empleador/devolucion_de_aportes/devolucion_de_aportes_a_terceros_pagos_dobles,Trámites Para El Empleador,Vicepresidencia de Operaciones del Regimen de prima media,Gerencia de financiamiento e inversiones / Dirección de contribuciones pensionales y Egresos
Trámites Para El Empleador,Error de IBC,Español,Electrónico,PHP / PDF,De acuerdo a la necesidad,2016-01-22T00:00:00.000,2019-05-08T00:00:00.000,https://www.colpensiones.gov.co/empleador/Publicaciones/tramites_para_el_empleador/devolucion_de_aportes/devolucion_de_aportes_a_terceros_error_de_ibc,Trámites Para El Empleador,Vicepresidencia de Operaciones del Regimen de prima media,Gerencia de financiamiento e inversiones / Dirección de contribuciones pensionales y Egresos
Trámites Para El Empleador,Regimen Subsidiado,Español,Electrónico,PHP / PDF,De acuerdo a la necesidad,2016-01-22T00:00:00.000,2019-05-08T00:00:00.000,https://www.colpensiones.gov.co/empleador/Publicaciones/tramites_para_el_empleador/devolucion_de_aportes/devolucion_de_aportes_a_terceros_regimen_subsidiado,Trámites Para El Empleador,Vicepresidencia de Operaciones del Regimen de prima media,Gerencia de financiamiento e inversiones / Dirección de contribuciones pensionales y Egresos
Trámites Para El Empleador,Traslado de aportes a AFP,Español,Electrónico,PHP / PDF,De acuerdo a la necesidad,2016-01-22T00:00:00.000,2017-12-06T00:00:00.000,https://www.colpensiones.gov.co/empleador/Publicaciones/tramites_para_el_empleador/devolucion_de_aportes/devolucion_de_aportes_a_terceros_traslado_de_aportes_a_afp,Trámites Para El Empleador,Vicepresidencia de Operaciones del Regimen de prima media,Gerencia de administración de la información / Dirección de afiliaciones
Trámites Para El Empleador,Afiliación de Trabajadores,Español,Electrónico,PHP / PDF,De acuerdo a la necesidad,2012-12-27T00:00:00.000,2017-12-06T00:00:00.000,https://www.colpensiones.gov.co/empleador/Publicaciones/tramites_para_el_empleador/afiliacion_de_trabajadores,Trámites Para El Empleador,Vicepresidencia de Operaciones del Regimen de prima media,G. de financiamiento e inversiones / Dirección de ingresos por aportes /// + ///  G. de Administración de la información / Dirección de afiliaciones
Trámites Para El Empleador,Inclusión nómina empleado público,Español,Electrónico,PHP / PDF,De acuerdo a la necesidad,2013-10-08T00:00:00.000,2017-12-05T00:00:00.000,https://www.colpensiones.gov.co/empleador/Publicaciones/tramites_para_el_empleador/inclusion_nomina_empleado_publico,Trámites Para El Empleador,Vicepresidencia de Operaciones del Regimen de prima media,Gerencia de determinación de derechos / Dirección de prestaciones económicas
Trámites Para El Empleador,Conmutación Pensional,Español,Electrónico,PHP / PDF,De acuerdo a la necesidad,2013-08-14T00:00:00.000,2017-04-27T00:00:00.000,https://www.colpensiones.gov.co/empleador/Publicaciones/tramites_para_el_empleador/conmutacion_pensional,Trámites Para El Empleador,Vicepresidencia Comercial y de Servicio al ciudadano,Gerencia Comercial / Dirección de comercialización y acompañamiento empresarial
Trámites Para El Empleador,Formatos CLEBPS para Tiempos Públicos,Español,Electrónico,PHP / PDF,De acuerdo a la necesidad,2018-02-26T00:00:00.000,2018-09-21T00:00:00.000,https://www.colpensiones.gov.co/empleador/Publicaciones/tramites_para_el_empleador/formatos_clebps_para_tiempos_publicos,Trámites Para El Empleador,Vicepresidencia de Operaciones del Regimen de prima media,Gerencia de administración de la información / Dirección de historia laboral
Línea De Atención Empleador,Línea de atención empleador,Español,Electrónico,PHP / PDF,De acuerdo a la necesidad,2017-10-25T00:00:00.000,2017-10-25T00:00:00.000,https://www.colpensiones.gov.co/empleador/Publicaciones/linea_de_atencion_empleador,Línea De Atención Empleador,Vicepresidencia Comercial y de Servicio al ciudadano,Gerencia de servicio y atencion al ciudadano / Dirección de atención y servicio
Boletín Empleador,Boletín Empleador,Español,Electrónico,PHP / PDF,De acuerdo a la necesidad,2016-01-29T00:00:00.000,2018-09-26T00:00:00.000,https://www.colpensiones.gov.co/empleador/Publicaciones/boletin_empleadores,Boletín Empleador,Vicepresidencia comercial y de servicio al ciudadano,Gerencia Comercial / Dirección de Mercadeo
Entidades Operadoras Libranza Y Afiliación,Entidades Operadoras Libranza y Afiliación,Español,Electrónico,PHP / PDF,De acuerdo a la necesidad,1908-07-28T00:00:00.000,2019-09-30T00:00:00.000,https://www.colpensiones.gov.co/empleador/Publicaciones/entidades_operadoras_libranza_y_afiliacion,Entidades Operadoras Libranza Y Afiliación,Vicepresidencia Comercial y de Servicio al ciudadano,Gerencia Comercial / Dirección de comercialización y acompañamiento empresarial
